email,userId
loadtest-07122023-user-3000007-@example.com,edadad8062c243589d71646903c54ef3
loadtest-07122023-user-3000009-@example.com,73d59319cc764c87b4116c2621eb80f7
loadtest-07122023-user-3000016-@example.com,de9d454ec2864b4b9ecd0ddbb21721d3
loadtest-07122023-user-3000026-@example.com,571d6d72228f4e19a00a4ea3bdebc235
loadtest-07122023-user-3000039-@example.com,493d88b38c1442b2913e25ea7bbb5d9b
loadtest-07122023-user-3000035-@example.com,a7a1d0607e1440cabcc942fb6492e78f
loadtest-07122023-user-3000019-@example.com,061cb30924a641ed812cf7d6a5943095
loadtest-07122023-user-3000050-@example.com,7096122dece146f4b6942361feee0e9d
loadtest-07122023-user-3000001-@example.com,b0ee5872a01047c0b9987f1f6bd243b5
loadtest-07122023-user-3000002-@example.com,13412354e6e84a1bbfdde9d586a2ecaa
loadtest-07122023-user-3000018-@example.com,3e93084712f241188ad20ab89b09713f
loadtest-07122023-user-3000037-@example.com,b2485a3e1fde4568b2c809742df7cfe6
loadtest-07122023-user-3000024-@example.com,512ebe7719aa49259511cf7a5613cbcc
loadtest-07122023-user-3000003-@example.com,23ca757700954811b4ad7beee3986971
loadtest-07122023-user-3000027-@example.com,243c2e2c3d7749c59ceb1cda06fc637c
loadtest-07122023-user-3000096-@example.com,b8ce3d8d3f1b48d5a321297d69f6cbf2
loadtest-07122023-user-3000073-@example.com,f6f6d745c52245baaf5500ed63927d8a
loadtest-07122023-user-3000083-@example.com,b35c7fd9065a4d6d8a2a57252feed896
loadtest-07122023-user-3000054-@example.com,cf81c78837f74a6fabf595ec37dbe050
loadtest-07122023-user-3000046-@example.com,bfaaff067643429b9042a59d73625292
loadtest-07122023-user-3000014-@example.com,ddd89773e71947fba5ac33851e5eb6b0
loadtest-07122023-user-3000036-@example.com,8f735c8ff36248f2940dc9e3ffe4f769
loadtest-07122023-user-3000076-@example.com,51ff29219a9744fbb9f332e77f8b305c
loadtest-07122023-user-3000058-@example.com,e7f3bf069f2047b7a5a208841a2daf78
loadtest-07122023-user-3000006-@example.com,4926e766f26a4d16b1109f029c71a81d
loadtest-07122023-user-3000047-@example.com,52d4fc7cedfe42d1aaf5ca04302f76db
loadtest-07122023-user-3000023-@example.com,b4f5cb22c74141dfbcf3e05e4b724396
loadtest-07122023-user-3000011-@example.com,42dc1fbace004e798333a85255342088
loadtest-07122023-user-3000017-@example.com,90afa48ca0af48b991200316223dfeb6
loadtest-07122023-user-3000095-@example.com,69d7cd63f2d34d56b14633ec9f0b4df0
loadtest-07122023-user-3000044-@example.com,80be593b440f4ded8b2efad7c0c17061
loadtest-07122023-user-3000053-@example.com,e431914d7c7242e49c8f94e933b656a9
loadtest-07122023-user-3000100-@example.com,2e4058c9dbc94912b5a7c3509f292c37
loadtest-07122023-user-3000040-@example.com,7a9ea1f4fd3e436886a0d1c04437c1e3
loadtest-07122023-user-3000074-@example.com,75130b96a51a479692006a9f9388243f
loadtest-07122023-user-3000038-@example.com,2fc983a159ec4948ac6654a839d11172
loadtest-07122023-user-3000086-@example.com,01882884bceb47adba65b7c5ea9dd4b2
loadtest-07122023-user-3000015-@example.com,945d2645b6e74565afe5eebfcb7bf821
loadtest-07122023-user-3000028-@example.com,16092b6d56d147bfa96a6e7dac3172f4
loadtest-07122023-user-3000075-@example.com,6f1b050c1eba4e56a7e5c3cbb3974f12
loadtest-07122023-user-3000092-@example.com,5de70fd6df5044248723026101487bac
loadtest-07122023-user-3000101-@example.com,74d02a9b27924e9ebda5ce42edf21bfa
loadtest-07122023-user-3000079-@example.com,1dfa9523b9454c8b99b89d4c4da41634
loadtest-07122023-user-3000059-@example.com,dbe561bd54ca457b83ccc9c09b2dfb61
loadtest-07122023-user-3000021-@example.com,9751b17b87754ebe92d8df456c74e6a7
loadtest-07122023-user-3000034-@example.com,77bad902f5294505bb90de665e953b77
loadtest-07122023-user-3000062-@example.com,4b15d3c1fc7a42d68d398d31bc2efb5b
loadtest-07122023-user-3000097-@example.com,e694dfbfca184593bedc5889a585527a
loadtest-07122023-user-3000020-@example.com,1cd2963e24804db48110b6db38673462
loadtest-07122023-user-3000065-@example.com,4ba6e3593bff46fd84fbd08020682e25
loadtest-07122023-user-3000085-@example.com,8b423802463c49ada8d2bc39ffee3586
loadtest-07122023-user-3000088-@example.com,de610f0d012a4e8b85fc6a1fb8708a86
loadtest-07122023-user-3000045-@example.com,8690cb03cd884895a15e0ecba9fbcd67
loadtest-07122023-user-3000013-@example.com,359a985e3eea448c8cb6816b4d4d314b
loadtest-07122023-user-3000010-@example.com,6551cc4c648e43cfaf6e619d0104fb51
loadtest-07122023-user-3000049-@example.com,9597718b02b841a1b3169821fe1424a5
loadtest-07122023-user-3000071-@example.com,6ac707a5b880449a9cacb25cb178c298
loadtest-07122023-user-3000098-@example.com,2d7fc73de00c40dc9d52c724c5f8d427
loadtest-07122023-user-3000067-@example.com,2163dcd9673649c595c06f48d365d17e
loadtest-07122023-user-3000087-@example.com,65146451041148f1b17f876287140d78
loadtest-07122023-user-3000105-@example.com,12acc7e65c014ae69912deefe9519ecb
loadtest-07122023-user-3000031-@example.com,997f3879833642e98d848823d5639df4
loadtest-07122023-user-3000066-@example.com,f5794d861f9c49e1a755f72e1481c3f6
loadtest-07122023-user-3000142-@example.com,9669d3fc9d8049338c67f553771d6529
loadtest-07122023-user-3000029-@example.com,078e24ba24f54700b4b7edba762a5630
loadtest-07122023-user-3000012-@example.com,e4d8eb6e2eb14f2a80c9e97a5b6a59ee
loadtest-07122023-user-3000022-@example.com,3a628402fa0d486fb79f68decbd5315c
loadtest-07122023-user-3000107-@example.com,90cfa3b8cfe54878b5dbbee0432aecbd
loadtest-07122023-user-3000081-@example.com,39ad01426eab483285cb8fab1fd649a1
loadtest-07122023-user-3000077-@example.com,17334898719c4669b665d372ca8e62d8
loadtest-07122023-user-3000090-@example.com,8755aa73d5584d4a8fdc9e3281b013d8
loadtest-07122023-user-3000091-@example.com,682b5ff4e218467fa675a9efc4cb3f76
loadtest-07122023-user-3000068-@example.com,b4096f60f1384d6fa72c39f01af66e0b
loadtest-07122023-user-3000094-@example.com,7b81c3e4857847d79be60fd03247948c
loadtest-07122023-user-3000033-@example.com,46cbac7a1f604484ab547cb2d1b21023
loadtest-07122023-user-3000120-@example.com,18ced2ffeb664af39a7896c24f4b7b40
loadtest-07122023-user-3000005-@example.com,0446c202325e437b9f7cdcd649d9a0b0
loadtest-07122023-user-3000052-@example.com,721d1282cb1444cb80a125b989e1204f
loadtest-07122023-user-3000042-@example.com,affce83a17c549f1a4d3e22f9207917f
loadtest-07122023-user-3000025-@example.com,90e80813b46842219ccdae735dee3c15
loadtest-07122023-user-3000132-@example.com,6bee38ce6f944798be3e93561fac2e9f
loadtest-07122023-user-3000089-@example.com,43e87f732f044b99b7587cf268ddde7e
loadtest-07122023-user-3000133-@example.com,1d198e5f8cc84f59a555a513c3196632
loadtest-07122023-user-3000117-@example.com,9d7a7f78be40464eac8849d93e930c3c
loadtest-07122023-user-3000136-@example.com,228dced817484184864bd58301addcd1
loadtest-07122023-user-3000108-@example.com,d506f83272a140819d2e75e4184f3a7d
loadtest-07122023-user-3000131-@example.com,85c5e470692b4fe1b9fa309329ebf7cc
loadtest-07122023-user-3000004-@example.com,0f3ef7f8e15c46f383b846a1563ccbee
loadtest-07122023-user-3000130-@example.com,9b68e7174430400d9132ed59387a7941
loadtest-07122023-user-3000051-@example.com,a7f4c925efda41bdbb8a424c4c06a9c1
loadtest-07122023-user-3000041-@example.com,6ae97ddcdde2443cb4dc6713e325309b
loadtest-07122023-user-3000102-@example.com,5061cdb22d8346e0a4c8944e302419c8
loadtest-07122023-user-3000060-@example.com,1ac2d053810741b3b0bcf3d5c34ae9c3
loadtest-07122023-user-3000070-@example.com,a5785337b5094fba8e2503187fa7b34d
loadtest-07122023-user-3000064-@example.com,7c069ef907dc4b16840711a4de9e573a
loadtest-07122023-user-3000030-@example.com,4007ef4055154391aef24da96f1ff18c
loadtest-07122023-user-3000103-@example.com,316cc055f7284ba5bd573ea9f69a3057
loadtest-07122023-user-3000057-@example.com,5e3f41f735a841cba05d2e727ab79cca
loadtest-07122023-user-3000099-@example.com,d642bd4cd1cf409794fe3fe9df6d8dae
loadtest-07122023-user-3000106-@example.com,57aa53288d6e43aa842ab76aaa633b38
loadtest-07122023-user-3000043-@example.com,fc57930dc62f4cec9ac761230a86747b
loadtest-07122023-user-3000093-@example.com,42fcc791eb484796a0225c6e25d6dbfe
loadtest-07122023-user-3000134-@example.com,0fa95ac7ab6341319a4a7a8eac77c182
loadtest-07122023-user-3000113-@example.com,9cb70ef1962f4adfb76e7ef3e110b58a
loadtest-07122023-user-3000153-@example.com,884d03edf7744817955cf288fefdb8e9
loadtest-07122023-user-3000080-@example.com,be4dffe345b842c0a0f8e9e07a00026b
loadtest-07122023-user-3000063-@example.com,7c5cb4d1e34744ba9f3ae3215af51b7d
loadtest-07122023-user-3000061-@example.com,7eb3236e49944936b105d8acd0ebf9a7
loadtest-07122023-user-3000176-@example.com,2cb2084ac7d347aea41420f45fd6d967
loadtest-07122023-user-3000055-@example.com,d479d036111c4c2a89958376c440c04c
loadtest-07122023-user-3000048-@example.com,a7b1958e96144940a90fa700c426814b
loadtest-07122023-user-3000124-@example.com,46afa43e4bea447fbd9c1f252fd7bec2
loadtest-07122023-user-3000110-@example.com,6f422d4d2412442fa62d03c3a518e146
loadtest-07122023-user-3000082-@example.com,03486b7a2ae4402d88adfc0620a97e8f
loadtest-07122023-user-3000069-@example.com,8c4dcf9856c84ac5a77eba215184002a
loadtest-07122023-user-3000008-@example.com,2f396fb9310840d1bd920e7c98eb7701
loadtest-07122023-user-3000183-@example.com,03cedad92b82408386d5eb1cfef48127
loadtest-07122023-user-3000109-@example.com,ff1cf93b49944b46b2460df884f305fc
loadtest-07122023-user-3000145-@example.com,ba142eb307fd404d88fd3a5d8fc90e61
loadtest-07122023-user-3000125-@example.com,e9f2060d1e4d42eab473ec0c425b3792
loadtest-07122023-user-3000146-@example.com,2ab7fa643e064eb6b8655cdc78936e57
loadtest-07122023-user-3000084-@example.com,4a6669c76a134cc087744c360038e43e
loadtest-07122023-user-3000182-@example.com,a2f50153b2ad4860bd01e7439c6fe5db
loadtest-07122023-user-3000032-@example.com,3a631de9aed84fedbfd84d37d5a6c072
loadtest-07122023-user-3000149-@example.com,1521ecd952114975b1a9747bfef3cd08
loadtest-07122023-user-3000122-@example.com,7a45c3958b74495a93b93ceb2965cfae
loadtest-07122023-user-3000140-@example.com,2e3e4d6446cb4106920c9e375680914e
loadtest-07122023-user-3000179-@example.com,1151071c5e274057bbdcda849740b92e
loadtest-07122023-user-3000139-@example.com,afe4ecfd204b45f09ab04dba1174d89a
loadtest-07122023-user-3000129-@example.com,a221224bcad34c8784cbdda24a5a1378
loadtest-07122023-user-3000115-@example.com,e5a8daabe2a74fd18906a1f7b2838473
loadtest-07122023-user-3000147-@example.com,5f0465dd6cd246f4a43ede4232f2bdb6
loadtest-07122023-user-3000155-@example.com,03e9cf772be042f5b613a8dd202a1b9d
loadtest-07122023-user-3000141-@example.com,951680a43aff4e79bd52810cb8cfa6f7
loadtest-07122023-user-3000166-@example.com,28deff6ec1994f3386f1a54447881d3e
loadtest-07122023-user-3000072-@example.com,fc0931e186e8480ba1afee19c9267651
loadtest-07122023-user-3000144-@example.com,911d8e24e0b14a06b431c2bf69e37fb0
loadtest-07122023-user-3000111-@example.com,6a8aaf5df24c44c9b008c9303c249e19
loadtest-07122023-user-3000159-@example.com,5331bea06c584b3992f1e39f5f1d8e5e
loadtest-07122023-user-3000118-@example.com,dfd85222bd604ef5bd7a8c726bc70533
loadtest-07122023-user-3000163-@example.com,63fc83bdd0f6457aa501e082999edb0d
loadtest-07122023-user-3000128-@example.com,cc4c63318d6a4bf3b4b72ffc011d7ae5
loadtest-07122023-user-3000200-@example.com,d3a86f67f69445c1805c56dbc411a2c6
loadtest-07122023-user-3000177-@example.com,a1799fd0e429463b8c3b888ead52289f
loadtest-07122023-user-3000112-@example.com,cd523bac8c094784b9755143b6a38493
loadtest-07122023-user-3000158-@example.com,c2344c53969c4e6db091056e0b233ee5
loadtest-07122023-user-3000135-@example.com,c28b5a8cea274dadb17b216a269941de
loadtest-07122023-user-3000148-@example.com,2c50f88f94ec436ab98ab2c1a78c042a
loadtest-07122023-user-3000078-@example.com,95b1928f568c44e9a0cdd707f4445de8
loadtest-07122023-user-3000119-@example.com,00d0093ade6a41daaa504d687d7fae8b
loadtest-07122023-user-3000143-@example.com,0a55f51ebaee414fbac34e72288c99f8
loadtest-07122023-user-3000151-@example.com,2deb14d30ff74c4a94a2da429cc942d3
loadtest-07122023-user-3000154-@example.com,112febbbf53440cca77b1c350d4ed2c4
loadtest-07122023-user-3000116-@example.com,5bf18bc356ae4ab9a57f369926b35c3f
loadtest-07122023-user-3000165-@example.com,dfb2ba90300c4fe0be0504f6168bad96
loadtest-07122023-user-3000181-@example.com,39040aca750648d08b56e2397e697179
loadtest-07122023-user-3000127-@example.com,416c695e2ef54a7bac567d19a3274b64
loadtest-07122023-user-3000121-@example.com,d5443cb1f0af4792859388b20a9a1c3c
loadtest-07122023-user-3000203-@example.com,1e11fc983c8b48d985995021e07cb2ab
loadtest-07122023-user-3000193-@example.com,58fcfa1438a945ae9c24c52aa14d9145
loadtest-07122023-user-3000126-@example.com,82ab91df06594e44b1fc6a8c7c9517f2
loadtest-07122023-user-3000056-@example.com,21776d22697446f2af8121cd6ab0bad2
loadtest-07122023-user-3000123-@example.com,d0f1e3833b7342759a96aaf9d471428c
loadtest-07122023-user-3000157-@example.com,e49cdc1480c64000ba9eaeca1be41b67
loadtest-07122023-user-3000178-@example.com,72d0ff1b948746bc9e64876ef3ab1629
loadtest-07122023-user-3000156-@example.com,3f9900e20099428f89b45450d1876847
loadtest-07122023-user-3000180-@example.com,d921141595504a638456b64ac45a2275
loadtest-07122023-user-3000171-@example.com,a70fa481653e4ee9a5e6876f45ecb323
loadtest-07122023-user-3000114-@example.com,e5662a10c250425285704205628c729d
loadtest-07122023-user-3000172-@example.com,c808fcfab34f4ced9d6ac2956121a638
loadtest-07122023-user-3000170-@example.com,7615f3adf9534b0cbc7856360279ad41
loadtest-07122023-user-3000237-@example.com,88963d050f4240fe9b25c77352c95f21
loadtest-07122023-user-3000188-@example.com,31fe05f5cd1c494f9384b4813cbf2ec7
loadtest-07122023-user-3000137-@example.com,1681c51387dc465fabd1e02390072b09
loadtest-07122023-user-3000212-@example.com,1539bec85a904c839f93cb42de72f746
loadtest-07122023-user-3000184-@example.com,5516a52e76f74f2288a308084ee33811
loadtest-07122023-user-3000164-@example.com,c80bafa803be422baede23a40813edc8
loadtest-07122023-user-3000219-@example.com,c17553d0a9dc4627b27ea99c48332bdf
loadtest-07122023-user-3000216-@example.com,fa1e88db62ad439ab49e6e6c0de28369
loadtest-07122023-user-3000160-@example.com,bfc4e45c4fb54e4ca340507ce55a13ae
loadtest-07122023-user-3000202-@example.com,5a76f9cdb2164a73a2026e87e534052f
loadtest-07122023-user-3000194-@example.com,4059f8aa2427461c94076add5b19cc60
loadtest-07122023-user-3000217-@example.com,054839c9dffe4f038acb541a8eb40618
loadtest-07122023-user-3000198-@example.com,884301003f6642d389e6159832c5f482
loadtest-07122023-user-3000196-@example.com,7645ea3c5c7d4026a30e82b19ecdf1bf
loadtest-07122023-user-3000152-@example.com,f558213948ee4a68a001f9c13f46c4c4
loadtest-07122023-user-3000162-@example.com,78e9f4e5c4a54cc8b51acab807e5ff40
loadtest-07122023-user-3000192-@example.com,9bf0e327b65445c09633d75c2d857ab9
loadtest-07122023-user-3000230-@example.com,1ef3f0e6e0f14dfabf82273757563060
loadtest-07122023-user-3000215-@example.com,d28d81b4202240bf88885c6f3e8bac5a
loadtest-07122023-user-3000186-@example.com,491072e404c946bc9c0db245fe478bcf
loadtest-07122023-user-3000175-@example.com,ae93269f087747a8a51f4a6f3134b497
loadtest-07122023-user-3000207-@example.com,1538216d297147d88ac603cbedfceab2
loadtest-07122023-user-3000258-@example.com,526de65cf9f54e08af71b3d43ac0b017
loadtest-07122023-user-3000191-@example.com,021c813dd0b845d5a6883923f08b7aea
loadtest-07122023-user-3000195-@example.com,2e64fe274ded405b9f8872d0325008ed
loadtest-07122023-user-3000150-@example.com,56f8493f9a4249248a9280c32cf75218
loadtest-07122023-user-3000214-@example.com,e2b8981f2ec54481958e6067fa56e530
loadtest-07122023-user-3000271-@example.com,6ebbaee1e9094988b1afd8bf2d4ad3cb
loadtest-07122023-user-3000229-@example.com,62ea941bf9824fe39fdc1e39eb33cc71
loadtest-07122023-user-3000104-@example.com,97c5b28be17247178098b2d9340b1877
loadtest-07122023-user-3000220-@example.com,fb7ea197a4734efd8e04dd3366106e1f
loadtest-07122023-user-3000185-@example.com,010eed948d1a4a2fa9439aae03d61edf
loadtest-07122023-user-3000211-@example.com,d4a4e3a607fd4708ba9eef33558eb23f
loadtest-07122023-user-3000174-@example.com,8ad754c9f20e4848a9533b34459bf9d3
loadtest-07122023-user-3000275-@example.com,7ea2552e79914796995735e222bae567
loadtest-07122023-user-3000222-@example.com,ea777c931faf41d793f597d2181e9c63
loadtest-07122023-user-3000244-@example.com,d9af5b7e4adc408f977eb0e9d8170c73
loadtest-07122023-user-3000225-@example.com,5cd3ea88105b47d595a1781d6323780e
loadtest-07122023-user-3000190-@example.com,23e0b1c0cfb04fe28945c812b04e2fec
loadtest-07122023-user-3000242-@example.com,c842d15c63764f0b9f7bc7269fdea6fe
loadtest-07122023-user-3000161-@example.com,dcea65696c2344dcbd559e12261e4025
loadtest-07122023-user-3000234-@example.com,272f723d8d5c454e90f958ec1ba94efc
loadtest-07122023-user-3000213-@example.com,4822742836d34a0a82606cd45941dc1f
loadtest-07122023-user-3000205-@example.com,6befdf598e274bb28029f9b9eb5412bc
loadtest-07122023-user-3000199-@example.com,ce299e9a34644ddf9176d89f96ace9bf
loadtest-07122023-user-3000231-@example.com,4553252e020845329390b933384e6b78
loadtest-07122023-user-3000204-@example.com,1837c573194a4772843eb521f4c0af9e
loadtest-07122023-user-3000235-@example.com,c386e68c2bfa46cda20f1aecedd58705
loadtest-07122023-user-3000250-@example.com,8dbb29ae901b47e5acc1e3fa98d20e04
loadtest-07122023-user-3000240-@example.com,bff38821cbf54ff2bc73dc216c8f9d4b
loadtest-07122023-user-3000197-@example.com,4947556523544f4094a600ce064f7a3c
loadtest-07122023-user-3000292-@example.com,a1617bf3ece945899b99a906e1227b81
loadtest-07122023-user-3000173-@example.com,c73d8a7088944ec7b85e7786e9fde8ce
loadtest-07122023-user-3000224-@example.com,3b51c2a2b532409385947d9ca923f3be
loadtest-07122023-user-3000283-@example.com,c895fc76334945f1ad4fc73be147dbbe
loadtest-07122023-user-3000247-@example.com,38ddba12c2464956bcaab3da67abf4d0
loadtest-07122023-user-3000246-@example.com,fac9a081524a4e9db83a3fc045ff960e
loadtest-07122023-user-3000232-@example.com,454653cc15ff4df296b8037a2bb5962e
loadtest-07122023-user-3000248-@example.com,df5eb28bc85d499a9580d320a0bd88ca
loadtest-07122023-user-3000268-@example.com,6e21a3af54074a5294114eb7c6e4b4a1
loadtest-07122023-user-3000236-@example.com,9e897a640e334f6faac01575adface88
loadtest-07122023-user-3000187-@example.com,e9a71d26a3574abf88361524ff1dd99f
loadtest-07122023-user-3000245-@example.com,4f3c30f90b0446879772193e0dbb78bd
loadtest-07122023-user-3000226-@example.com,71e66c1dac34415f9de180796dc16b1d
loadtest-07122023-user-3000218-@example.com,c0736e3c489042e68e6d73c7ca0646ce
loadtest-07122023-user-3000206-@example.com,331bc3a7d1ef41d09bd76264c8910c53
loadtest-07122023-user-3000253-@example.com,81bbc8d896e142a1a302d1ad8a18c4cd
loadtest-07122023-user-3000261-@example.com,bb9696ac4e7747bcb66e531da30e8748
loadtest-07122023-user-3000167-@example.com,32a3e1184ffb46c8865f386332cfd8d5
loadtest-07122023-user-3000298-@example.com,c2b37f33e76f4504accfea924891752a
loadtest-07122023-user-3000249-@example.com,4634cc74c96047cf8896f910db6545c1
loadtest-07122023-user-3000251-@example.com,34926e124b8948e29f9f561ed0c809c5
loadtest-07122023-user-3000138-@example.com,932c2a81b6b743aebf66ae160899475a
loadtest-07122023-user-3000223-@example.com,2ef71958a5e24e07a92898ee6c171009
loadtest-07122023-user-3000169-@example.com,0eeef97780b6403b910e18fe2847245b
loadtest-07122023-user-3000168-@example.com,a1a77c786609481387055555db5ca84c
loadtest-07122023-user-3000201-@example.com,a8adae9a5e8e464bbf917a08b92015f1
loadtest-07122023-user-3000264-@example.com,eb48c3c1e930462fa4fabc982a3eaf7d
loadtest-07122023-user-3000306-@example.com,d2e4874f01f84db2a7f209e085c54716
loadtest-07122023-user-3000284-@example.com,de73330ddc554ee0bb41444e882bdc38
loadtest-07122023-user-3000263-@example.com,97823cac6a7643fda0f3a3879c455221
loadtest-07122023-user-3000322-@example.com,91a380a708b64093aa1da9c3742a5577
loadtest-07122023-user-3000252-@example.com,6f6c5d5cba6d4169bda7869858df91ce
loadtest-07122023-user-3000266-@example.com,f22062c88bc043a59e27e9139b5310de
loadtest-07122023-user-3000293-@example.com,4d49b18e68964746b822e72b76218324
loadtest-07122023-user-3000273-@example.com,59eea1414b3e439490c176d866a2236e
loadtest-07122023-user-3000277-@example.com,7ea708b7e89a4649ad589ca3a27e8743
loadtest-07122023-user-3000309-@example.com,bc44cc8587c74af7a1b9514b9b70eed0
loadtest-07122023-user-3000280-@example.com,ec280ec1ed59471380c807fe1cb1000a
loadtest-07122023-user-3000238-@example.com,2f9e3897f3da4bf08457d6fb95f59a95
loadtest-07122023-user-3000294-@example.com,eb7d0d50054442b29aac46a1ba638b0d
loadtest-07122023-user-3000269-@example.com,0519293487104ec78846e9d152b612be
loadtest-07122023-user-3000320-@example.com,788f7ca0ab4c49ee871e0fbca24ae145
loadtest-07122023-user-3000239-@example.com,15d496701cb24bcdad6c95a635f49176
loadtest-07122023-user-3000221-@example.com,9aa6f708d6b242d7ad920cd89220c1e7
loadtest-07122023-user-3000259-@example.com,0e5798d643ad4f21880a26fe5fa60496
loadtest-07122023-user-3000312-@example.com,c7a8571942ce4fc090f1cfecf951c813
loadtest-07122023-user-3000228-@example.com,77bb0fd072f3498d95271478b56d2128
loadtest-07122023-user-3000299-@example.com,7e5c925b0260471eb05f8e407282138f
loadtest-07122023-user-3000355-@example.com,f4108bba779b4dceb29fcbe77e25d68a
loadtest-07122023-user-3000189-@example.com,cb71ae7196b44d0f996e87d23f470ea8
loadtest-07122023-user-3000353-@example.com,abdc2825261d421d89a97f3413c28b4a
loadtest-07122023-user-3000256-@example.com,45b7da3e49d84ef18c2fc675ac689c29
loadtest-07122023-user-3000209-@example.com,21fdb06ef67c4eec876457afb764fb71
loadtest-07122023-user-3000276-@example.com,8d130666fbc34a338b5bf89d09002ff7
loadtest-07122023-user-3000302-@example.com,910e2c4a8a594b8bb2983b71d5c0f856
loadtest-07122023-user-3000297-@example.com,226628223c1c4d3d8fc4a6fc0bb2ceeb
loadtest-07122023-user-3000267-@example.com,08c561beb4ed45ab80e672262968bd38
loadtest-07122023-user-3000281-@example.com,ef0c24433f084ffd9dfd39de2595bf1c
loadtest-07122023-user-3000291-@example.com,9f1dd84eb7e943a7b37fc8d4a7c856ef
loadtest-07122023-user-3000257-@example.com,64372b21320e408598de65e609e844a0
loadtest-07122023-user-3000210-@example.com,0b0052bca72544e68035c10d8e8825df
loadtest-07122023-user-3000364-@example.com,cb103c2bac374ef1b856d01325eccd63
loadtest-07122023-user-3000324-@example.com,b0274e90e52e477482592c31ac610ad8
loadtest-07122023-user-3000255-@example.com,dd9db0991b274fec8e52b3a754cf38dc
loadtest-07122023-user-3000367-@example.com,4ee34af24fad4f108bacf2536dd6358f
loadtest-07122023-user-3000288-@example.com,e73c848e04164f3b820abe7d556f6d7a
loadtest-07122023-user-3000265-@example.com,c7e9035a2926474c974be125b73676af
loadtest-07122023-user-3000347-@example.com,28c74ca9cac14a9792ab897b9240184f
loadtest-07122023-user-3000287-@example.com,0c97248535d547ea98f5bd6285b38377
loadtest-07122023-user-3000262-@example.com,f136a8f877f94778aced535c9ae071bf
loadtest-07122023-user-3000340-@example.com,dcd902de4a15401b9cd48c0538f628b8
loadtest-07122023-user-3000227-@example.com,22ba472d796f4946ab990f892c0f9e2f
loadtest-07122023-user-3000295-@example.com,a2e889f3abf14ab98ee6a557d6f9b7cf
loadtest-07122023-user-3000208-@example.com,c310606cb2e54b6581a02da4d9e7a7a4
loadtest-07122023-user-3000272-@example.com,3c43662776164111841c0cee83ea025b
loadtest-07122023-user-3000270-@example.com,5727a39d1fe2454a8687a0b627eb0451
loadtest-07122023-user-3000371-@example.com,fc44706a5ead4c2199a919a7f15f74d7
loadtest-07122023-user-3000241-@example.com,2c2a91609c5d449881d854e04f5e3eda
loadtest-07122023-user-3000358-@example.com,0f874ee80ca04d9eb55a86c1054161c1
loadtest-07122023-user-3000336-@example.com,82db1796b55441c68f56b9732e1a42b2
loadtest-07122023-user-3000338-@example.com,ec91c83414aa4bb481b345c4d88a874e
loadtest-07122023-user-3000335-@example.com,1b2ec1ff1b4c421ea86bd855b63559b1
loadtest-07122023-user-3000308-@example.com,36507a1bf16f484f9619fe83fcd31c8c
loadtest-07122023-user-3000375-@example.com,ab425358254d48ca9465479390c9af66
loadtest-07122023-user-3000282-@example.com,42e6323a010145df9a6d5233f81630c7
loadtest-07122023-user-3000327-@example.com,2f2d70abf14147a5843fa6a95709223f
loadtest-07122023-user-3000290-@example.com,b738b45702a140ba92b567f13a972f92
loadtest-07122023-user-3000315-@example.com,06e9a623b9c64328b1e69b0d987ac630
loadtest-07122023-user-3000343-@example.com,07a02b65c10a4948a444bf2c45ed7cfc
loadtest-07122023-user-3000233-@example.com,304fdf80d8a14807bac75f7a0df8e857
loadtest-07122023-user-3000310-@example.com,bba8f65a9e0146f8af621167113da5c6
loadtest-07122023-user-3000328-@example.com,d9f4de96f3ff44a5a422c82463588796
loadtest-07122023-user-3000330-@example.com,1c67a31f9c48446db76aab05cd04dd86
loadtest-07122023-user-3000254-@example.com,eb133c957c5b4fc0861861362cbc70b8
loadtest-07122023-user-3000296-@example.com,6c7db08bcde14347aef0345b4cda3dff
loadtest-07122023-user-3000307-@example.com,928a1ee681ed41bcb77543e01015e35d
loadtest-07122023-user-3000383-@example.com,354874d88c5a47e68d204cbed33d1b7a
loadtest-07122023-user-3000318-@example.com,c4624a024dab45b59ba3d3999740bbaf
loadtest-07122023-user-3000243-@example.com,98d8cf81ac214226a10f7d02ec01a089
loadtest-07122023-user-3000304-@example.com,907d150323544b59881d5078b445b0eb
loadtest-07122023-user-3000316-@example.com,6c3b08ebb47a4025919325d7bdb5a244
loadtest-07122023-user-3000339-@example.com,199b4ba1a1c946bc9ded6db56ecce797
loadtest-07122023-user-3000321-@example.com,14842badaaec44d59aece4e86070b945
loadtest-07122023-user-3000361-@example.com,6855f9ebc5954c5cab4c8b61818d2e3f
loadtest-07122023-user-3000285-@example.com,3a81fe1930a94e339a2a562ea6a932af
loadtest-07122023-user-3000314-@example.com,e0751b2bea0e4c1c88c6f5f689283ca5
loadtest-07122023-user-3000337-@example.com,8133398af7a2489ca041e4dd76b47606
loadtest-07122023-user-3000377-@example.com,cd42bfcb35a242389455a89a64f3b8b8
loadtest-07122023-user-3000352-@example.com,1005a7e82fff4f9fad3b944fa4667341
loadtest-07122023-user-3000354-@example.com,82fc59a0353f44d78a3888b155db7ebb
loadtest-07122023-user-3000326-@example.com,3b523123b514478c93662dc922982d0f
loadtest-07122023-user-3000351-@example.com,ea105b7b0b184b79bc20f43c493881fb
loadtest-07122023-user-3000329-@example.com,e107cd6303f94faeb959b897ea68bc7e
loadtest-07122023-user-3000319-@example.com,3ab074c0d0354b06b62c535b38da1cb7
loadtest-07122023-user-3000305-@example.com,93600cd17465467ba79c4cb8fe6b5835
loadtest-07122023-user-3000286-@example.com,88a99b0eb6e24d18beec711d284a5731
loadtest-07122023-user-3000260-@example.com,41041f874fc9497b8deca56ebbd80384
loadtest-07122023-user-3000349-@example.com,5f613e7e85ae49aeaf9e74e44b2f8472
loadtest-07122023-user-3000279-@example.com,9dd9f56c28bb4023bb247700abc65c5d
loadtest-07122023-user-3000278-@example.com,6ac0e68350a341349f115b5dbd43dd4f
loadtest-07122023-user-3000345-@example.com,54a642ddfd4a452da94d33aa83f91a46
loadtest-07122023-user-3000341-@example.com,ba6c6ea18f0547cda6d154a3a19dc41f
loadtest-07122023-user-3000342-@example.com,f5addabd9128474d815749ad8a9a1b92
loadtest-07122023-user-3000301-@example.com,dfbfaf4ef5d245408e0a7e2b0ab9765f
loadtest-07122023-user-3000303-@example.com,6a0ac01aba3141c38a106095b64c00ff
loadtest-07122023-user-3000417-@example.com,d8acd291eaad410d8342d2d0e9dbb5c1
loadtest-07122023-user-3000357-@example.com,b7bf5d7bbfdd428dbdf27f500e49fd68
loadtest-07122023-user-3000378-@example.com,1b1adb776c54465c8fb901dc0bea6d4d
loadtest-07122023-user-3000311-@example.com,581c2951fedf4743a8e3e14e398dfa84
loadtest-07122023-user-3000350-@example.com,378a43048f864883a77d5876176cb7a1
loadtest-07122023-user-3000331-@example.com,c8c1980fcd2643a8a539c610dfff8add
loadtest-07122023-user-3000373-@example.com,13b0f1439fc34086b78a8589277e6bce
loadtest-07122023-user-3000344-@example.com,022030055b8e48f3979700d0f03c3ab2
loadtest-07122023-user-3000289-@example.com,79543d1705b446d6970a7c40997d89e3
loadtest-07122023-user-3000332-@example.com,c07024af3b904d64aaffbb1693853f59
loadtest-07122023-user-3000360-@example.com,74c6c15ef2544afd8118ed42fe956efb
loadtest-07122023-user-3000433-@example.com,2db5c8954ecf47e5bc548bacc215df6a
loadtest-07122023-user-3000390-@example.com,2012cda16fc240d7a04d5bc6bcd34e28
loadtest-07122023-user-3000370-@example.com,2e52b715388548beb9ae098c8758e3e9
loadtest-07122023-user-3000313-@example.com,090fc9e570d34870a99e40a367273295
loadtest-07122023-user-3000376-@example.com,e5414a179fc64a6ebd1e83e17fe22bc5
loadtest-07122023-user-3000397-@example.com,d950732f87ae4cd59996d177c8413c41
loadtest-07122023-user-3000384-@example.com,89ef6e81a6864ba983824237c7e313af
loadtest-07122023-user-3000382-@example.com,4e7353cdd85a460797b0b71146c9d1f0
loadtest-07122023-user-3000372-@example.com,aa1019273bde47aea12eb4c363d74cff
loadtest-07122023-user-3000366-@example.com,bdcf05d9729b4551a32b9750219d79e5
loadtest-07122023-user-3000413-@example.com,5202f51c82824410977a361c42481b9f
loadtest-07122023-user-3000406-@example.com,0640e4b7a0334e3d9c5ace18770ce2a2
loadtest-07122023-user-3000333-@example.com,ec44b4f9bc6c44729fbfd0189abe17d6
loadtest-07122023-user-3000387-@example.com,6ee67f9e01ac4c08af7ba9df01a56490
loadtest-07122023-user-3000346-@example.com,6ca02dcfccec44c1aab3e539cbdda18b
loadtest-07122023-user-3000274-@example.com,640f45cd85f44c3ab7b1b7c00930bf74
loadtest-07122023-user-3000362-@example.com,5a95b94d0ddf41a48f2d3257f8ca59a6
loadtest-07122023-user-3000348-@example.com,27fcaa15f3624bfea4ea1bab080dffcf
loadtest-07122023-user-3000317-@example.com,742206c837ce4ae1af6f2d5fb506d55e
loadtest-07122023-user-3000368-@example.com,3e22717b325e48648ffe3d4ea8187784
loadtest-07122023-user-3000325-@example.com,e34a6eba9f3f4959b1a2749d16f6317e
loadtest-07122023-user-3000334-@example.com,edb97894819d409d840e3c5fa7dec125
loadtest-07122023-user-3000386-@example.com,8fd65951d1654ceaa974a97869efde15
loadtest-07122023-user-3000392-@example.com,1ea0a62f9b9c4c6f96c70cd0f8ac860e
loadtest-07122023-user-3000300-@example.com,5a9dc5fa4d3b4ef4936e07c6128ab916
loadtest-07122023-user-3000426-@example.com,3b853bbd572149f99a23e4c473f271de
loadtest-07122023-user-3000404-@example.com,c8e98ceec6984665ba3cd3128a88766e
loadtest-07122023-user-3000391-@example.com,5dbd6fddb08b460280eb4971af25e508
loadtest-07122023-user-3000414-@example.com,2ac849fdbcb34ea790507ef3325d1e89
loadtest-07122023-user-3000396-@example.com,6a8af4d51b0b41dcb3f50f8ae3a079e1
loadtest-07122023-user-3000422-@example.com,5543832839654c38ad18ffac468594d5
loadtest-07122023-user-3000449-@example.com,70be355a52e94c10b22c229bd61aa5c1
loadtest-07122023-user-3000402-@example.com,1f2b1674ee564288b0356eee4cb10648
loadtest-07122023-user-3000438-@example.com,44506dceae164071a4bd8919bccc66d5
loadtest-07122023-user-3000444-@example.com,8259ccdae44741c996af13bf864a48d4
loadtest-07122023-user-3000419-@example.com,5be55a1c9cc940aaa15034ceefaeec46
loadtest-07122023-user-3000466-@example.com,246cb3c6a93e4bb98fee72151cdab1ec
loadtest-07122023-user-3000323-@example.com,9b35bd95bee14f609d3be16c0b65a605
loadtest-07122023-user-3000407-@example.com,e7baab32e05c447fa8364ff5349d26dd
loadtest-07122023-user-3000379-@example.com,e402ba58df08426a87420dc474ef8049
loadtest-07122023-user-3000363-@example.com,e958f68afe9a4edea591841ebab320ff
loadtest-07122023-user-3000421-@example.com,05227042c53248a6a769618337737f05
loadtest-07122023-user-3000416-@example.com,8ee1222e3d034a4da407c535b7698d25
loadtest-07122023-user-3000365-@example.com,036acc1af81c427e9cd25159357e8ce3
loadtest-07122023-user-3000418-@example.com,b8052e585c1143bcac7797a6a3f6c134
loadtest-07122023-user-3000472-@example.com,a5bb15d74be3450687033fb96e4f77bb
loadtest-07122023-user-3000429-@example.com,5253ee4ac75941d7a401d71736a439e1
loadtest-07122023-user-3000356-@example.com,b7063ab62e6b4e6a91f7e38ca28d897a
loadtest-07122023-user-3000427-@example.com,9fd9fb06057f466c903b3999bf923650
loadtest-07122023-user-3000447-@example.com,6f58f13e98fe42f295c812f0bcb5e5f8
loadtest-07122023-user-3000412-@example.com,51aef6f033724f13a12b10a38ea3dce4
loadtest-07122023-user-3000381-@example.com,eb2be424be8c4ec3a2f16676a2c4e76a
loadtest-07122023-user-3000389-@example.com,f014cd4d420d4c58b88331358754268b
loadtest-07122023-user-3000458-@example.com,77a1667d79ed4354a8d3a9e26b1c2ae1
loadtest-07122023-user-3000446-@example.com,e65ea854a5584a7b96dfad57a4488fbe
loadtest-07122023-user-3000399-@example.com,bf364ec6e6d7432d84db473f03f2a693
loadtest-07122023-user-3000479-@example.com,6444b1fc2c9144a685cf51a99ea3f0f5
loadtest-07122023-user-3000398-@example.com,de3748a775ca4005a1454f2689809964
loadtest-07122023-user-3000436-@example.com,a3670babe7d94159ab9cafc63963f5dc
loadtest-07122023-user-3000415-@example.com,98621f41b17841eeb802da8093922087
loadtest-07122023-user-3000374-@example.com,e7f29611d5b14cd388c8d04b265f9ceb
loadtest-07122023-user-3000408-@example.com,3a762099229544f99b71b3190d5654b0
loadtest-07122023-user-3000410-@example.com,94d096eaf4714e3f87e17e85a6659355
loadtest-07122023-user-3000400-@example.com,844901bc35984622b6840a0a3187b851
loadtest-07122023-user-3000369-@example.com,571c367490d3447d90e7541bbdee7c74
loadtest-07122023-user-3000395-@example.com,f647914fb2f143309284c1e692f4a182
loadtest-07122023-user-3000380-@example.com,35c5557824764a21a5cab40e22b7e839
loadtest-07122023-user-3000385-@example.com,77279b22918c406d8394abd532cd1b1e
loadtest-07122023-user-3000425-@example.com,57f2651d0580474397d7e651dd6a7608
loadtest-07122023-user-3000443-@example.com,fffee1b9e18a4f1e87ae0115efd3d29e
loadtest-07122023-user-3000403-@example.com,9ed831b71aa540c1b3592f9904f4e03d
loadtest-07122023-user-3000441-@example.com,0e732af9e6b540c88bce9cc5a37616b7
loadtest-07122023-user-3000502-@example.com,2b4567253a7c42cebcfa4264ab76ad5e
loadtest-07122023-user-3000428-@example.com,b63d3365349b4fd690c5e066734536ca
loadtest-07122023-user-3000467-@example.com,4f6b6f3161a24b1992d1b33e3c0dd7c1
loadtest-07122023-user-3000388-@example.com,cf2b9232875e40bb816e94ac1563df0c
loadtest-07122023-user-3000409-@example.com,d5fe5b00379c4b3e884dd233a005c048
loadtest-07122023-user-3000480-@example.com,45c32ced44c94c9d8ef8aefa54937e00
loadtest-07122023-user-3000437-@example.com,122dd6fce30349ea8bf949d63e97d437
loadtest-07122023-user-3000442-@example.com,e347913ca041431cb9f732ae57d1aaad
loadtest-07122023-user-3000394-@example.com,2b42d124611c4917920212c74458eb08
loadtest-07122023-user-3000454-@example.com,9b40d73384ac43cc93b5c736bf976c1b
loadtest-07122023-user-3000457-@example.com,051e4f61425945d7a915c0bc96426694
loadtest-07122023-user-3000359-@example.com,1a33552ac0334455944fe6bdd216b65e
loadtest-07122023-user-3000450-@example.com,d8b6d066ec2345a8b04fd8f52bc6dfff
loadtest-07122023-user-3000465-@example.com,4f885e24507a47638e57cde706af28d6
loadtest-07122023-user-3000470-@example.com,c2a02c65cce548a8a6ac46fc15bb9ccf
loadtest-07122023-user-3000393-@example.com,bf6494cb6bee49a5b256e51254a4ff6a
loadtest-07122023-user-3000420-@example.com,d4d3538ec66c49d8956fc2bba8fca3bb
loadtest-07122023-user-3000424-@example.com,a10cbe5adb6f4a54b532b9a8697025ab
loadtest-07122023-user-3000423-@example.com,bab88750d60a452c8ba62a0ad112003d
loadtest-07122023-user-3000452-@example.com,7671ab93ec0f48a090fbe65b1da2eebf
loadtest-07122023-user-3000492-@example.com,2f1ba1cdb8334580b360aa41c3d9793d
loadtest-07122023-user-3000405-@example.com,338c0251cbab447295ede7144fa1100e
loadtest-07122023-user-3000507-@example.com,5ac1ffe072534091828a1ceb7a7fc402
loadtest-07122023-user-3000455-@example.com,e0c9242a559c47ea96b5d3a2aabb9a13
loadtest-07122023-user-3000474-@example.com,cd9410c9e9b44a1abdf8c93ed8aa5fa1
loadtest-07122023-user-3000432-@example.com,905ebe96bde04f72958dfe7a17bfdb0b
loadtest-07122023-user-3000491-@example.com,170dfc075cd0464abb36905dc80841c2
loadtest-07122023-user-3000485-@example.com,dc55776fd3d64e06b058e0d16e97a033
loadtest-07122023-user-3000431-@example.com,7b91f1dfba3b423090e9b9635e31abd1
loadtest-07122023-user-3000401-@example.com,61275e38de434491bff99dd9f7c70e16
loadtest-07122023-user-3000511-@example.com,7fc930238a3049fda3a0341f475993e7
loadtest-07122023-user-3000533-@example.com,117651a54b4e4aee8b3f766120501f36
loadtest-07122023-user-3000487-@example.com,a8b7a5a83c9c4464a5e01062bfa1c822
loadtest-07122023-user-3000462-@example.com,ffae36e53cf64842b31de1febf250126
loadtest-07122023-user-3000461-@example.com,d5d2cce40bc44c90b23960313739105c
loadtest-07122023-user-3000536-@example.com,34e2b81a45fe49fa9c5fcd487062f88b
loadtest-07122023-user-3000489-@example.com,0dcc6091ad27405a8257f107c360c660
loadtest-07122023-user-3000445-@example.com,7d9cef44ddae41b69399d48b69c0a716
loadtest-07122023-user-3000477-@example.com,1ee62f5e751f47d08d8ea4d16d41e8be
loadtest-07122023-user-3000483-@example.com,456dfc02f1ca44e6932c9858dc3de940
loadtest-07122023-user-3000439-@example.com,f3cbe284325c4e96a12b7bc8bbc623d9
loadtest-07122023-user-3000509-@example.com,7d5124f7ca1a4528804bd11ec2d0fcfc
loadtest-07122023-user-3000475-@example.com,b27151d627474019af39cc479c5a1f89
loadtest-07122023-user-3000453-@example.com,303ba853fc1a4d32834abc1bce6e900f
loadtest-07122023-user-3000522-@example.com,ddf5a91ce6694ac1b5df7f27c942e01d
loadtest-07122023-user-3000468-@example.com,701da491941f4c9dbc2083d8c3d9d6b3
loadtest-07122023-user-3000514-@example.com,809f897479d14bfaae00cc4773cecd81
loadtest-07122023-user-3000448-@example.com,22c1faee883e47fa9b271d92cc21bc0f
loadtest-07122023-user-3000456-@example.com,91a652fbfbe945a487d51afe6e8955ff
loadtest-07122023-user-3000435-@example.com,bbf08b23efd841faa92fe9510bbc5ca3
loadtest-07122023-user-3000459-@example.com,807c5ffed7b84400be938c0a46dfab70
loadtest-07122023-user-3000538-@example.com,663e49fa2cf84c1abb732e698289ce7e
loadtest-07122023-user-3000488-@example.com,a0d8ae91bac04ecfb9cf3bb7dc9f3570
loadtest-07122023-user-3000501-@example.com,13c59efcce25406db1bcb181f34ad2d2
loadtest-07122023-user-3000553-@example.com,c81573f9dd7248638af7d744dac54206
loadtest-07122023-user-3000471-@example.com,fab5899790ac4b3e80b9330577e6e98b
loadtest-07122023-user-3000482-@example.com,c871424379884ad59443916200f53f76
loadtest-07122023-user-3000503-@example.com,485664ca49074f8f8cb1bbca86a639f9
loadtest-07122023-user-3000481-@example.com,0e62819e38e9408399d45fefe146d067
loadtest-07122023-user-3000495-@example.com,18310961545942a2a49701ed3ac5dcdf
loadtest-07122023-user-3000520-@example.com,9ccc784ffc9145b3a41677cc01a59f4e
loadtest-07122023-user-3000529-@example.com,908f7dbbbe3f465b989fc359f80f4f6b
loadtest-07122023-user-3000463-@example.com,f8b15bddfe714e7d90b073f520665b3d
loadtest-07122023-user-3000524-@example.com,b400e6837d2f4fa0a5880923e76dab4e
loadtest-07122023-user-3000571-@example.com,b25ba67367984b2ca377b495b62222e5
loadtest-07122023-user-3000506-@example.com,b6194eaa02864c069804e9f888112f06
loadtest-07122023-user-3000512-@example.com,f075f29e9cb8495d8f9a6b0cd614a502
loadtest-07122023-user-3000499-@example.com,91fbd1ae4749482ebd697035be3fc558
loadtest-07122023-user-3000469-@example.com,df625389891e4c18b964c86a4a351c75
loadtest-07122023-user-3000515-@example.com,b257d1db84ff4fa48f43c8bff251c753
loadtest-07122023-user-3000530-@example.com,837f93c2927f4279ae3e4a2735e79d7a
loadtest-07122023-user-3000584-@example.com,577a313f086147fdb5b14c4dfd158aa6
loadtest-07122023-user-3000464-@example.com,fbc0c7cd6655416eb32754a2270b0250
loadtest-07122023-user-3000513-@example.com,c584321a066246518044386927a528b8
loadtest-07122023-user-3000516-@example.com,8d726406000d4e23a3821798437d6685
loadtest-07122023-user-3000440-@example.com,a3167da9cceb4543ab77094e3d432749
loadtest-07122023-user-3000411-@example.com,cc3301954b144c0c99de921c9277ae64
loadtest-07122023-user-3000497-@example.com,5adcb82bff20408294841e9904015ba9
loadtest-07122023-user-3000434-@example.com,2f24e6928ba24ff2a947b3bef1ee965b
loadtest-07122023-user-3000490-@example.com,e4cafb1f239e47e49bac8c8e613f6463
loadtest-07122023-user-3000521-@example.com,cf5e298c5e1849d5b80c4f7c0ffe09cb
loadtest-07122023-user-3000486-@example.com,28b98c08aceb41b4b87c0a158edb640d
loadtest-07122023-user-3000496-@example.com,4ac0554c000a44f1b13de51ac5a068ad
loadtest-07122023-user-3000478-@example.com,b71629520dbb460993d53dc03754a034
loadtest-07122023-user-3000518-@example.com,45d83218443f4612bd1bcf074b89a430
loadtest-07122023-user-3000460-@example.com,26820d1a7a6d4a6daf71c7e1fce932d3
loadtest-07122023-user-3000526-@example.com,a023681aea01496b8b60257afe20e3d4
loadtest-07122023-user-3000581-@example.com,efa50636a4b74cab95ee1e92bd2cb4d4
loadtest-07122023-user-3000537-@example.com,d8f8178c3ce840d3bf19193a638d2695
loadtest-07122023-user-3000548-@example.com,51cd4e28ad664a8985711dac3c729b5b
loadtest-07122023-user-3000508-@example.com,6f3ec458d7ba47eda5b6dea08f060e11
loadtest-07122023-user-3000585-@example.com,67b84ee6f82f4b398f0a5b19deef87c0
loadtest-07122023-user-3000569-@example.com,e4e22597005b41fdaf01f7946df16645
loadtest-07122023-user-3000568-@example.com,8bddaecf899f4bd1887bad7ba8d3f4d2
loadtest-07122023-user-3000476-@example.com,8fb59676476a4c32ba08de274cf9e823
loadtest-07122023-user-3000542-@example.com,bffba5a00e4a481c842981cdcb4e9b23
loadtest-07122023-user-3000484-@example.com,60f51958a7a445ee94f7a7b3833e487e
loadtest-07122023-user-3000498-@example.com,abf32b80e0ba45718d25d5eeced666dd
loadtest-07122023-user-3000555-@example.com,b4640aaca20f44daa60111d53b53f1c3
loadtest-07122023-user-3000500-@example.com,ed5c6d39a0984892bf9d6bafba2dc878
loadtest-07122023-user-3000534-@example.com,28df734281354204b44447a057ac7bde
loadtest-07122023-user-3000517-@example.com,5d7ef5ac39a04316a8de41b30bda99f0
loadtest-07122023-user-3000494-@example.com,35f0cbca36b04cbeb146a7c42b0150be
loadtest-07122023-user-3000504-@example.com,0f5ddff6e8994279866ce79866a713a2
loadtest-07122023-user-3000557-@example.com,1aa994b4a6784769a95a6e391056db13
loadtest-07122023-user-3000567-@example.com,bf8f6fffe61b460588ed09c65399aa78
loadtest-07122023-user-3000535-@example.com,edfbb5912b494c66816786ee23a0eab0
loadtest-07122023-user-3000561-@example.com,b47dfe27e76f4ea7bcf1eca2d715b1f8
loadtest-07122023-user-3000566-@example.com,54243e133b4a45fabd79aeb8b4b89e4f
loadtest-07122023-user-3000552-@example.com,a43eeb70f9954df1b21ce678ecdce772
loadtest-07122023-user-3000510-@example.com,aa2b6bce89a947d48ab803ff0a2d8685
loadtest-07122023-user-3000583-@example.com,282042fbb8df4b18a38bed7e6aaea8ab
loadtest-07122023-user-3000451-@example.com,406148a4ad484c50b3ca70c7a4493b4e
loadtest-07122023-user-3000531-@example.com,30d079356ca94ba3992d9671d17456fd
loadtest-07122023-user-3000563-@example.com,3d14b108bf8c42c38e5372bbed4f2c15
loadtest-07122023-user-3000554-@example.com,1fb50a20ae0d4f45b99ec5e0a82dd589
loadtest-07122023-user-3000547-@example.com,2eece26dd10045019241af6827182684
loadtest-07122023-user-3000505-@example.com,d2e420eed12f405289d0f3fb4573ac24
loadtest-07122023-user-3000519-@example.com,1b0c1f0939a244f588a8f74a709ebd17
loadtest-07122023-user-3000473-@example.com,995e54dec0584ce086b81ec11427ef53
loadtest-07122023-user-3000544-@example.com,8b74c9f1b10645348c0d0aeb75b8d120
loadtest-07122023-user-3000572-@example.com,91fde4f39b134645ad673b4663c9d1d1
loadtest-07122023-user-3000528-@example.com,3323582cc5654c0b8c75c14f23a979b4
loadtest-07122023-user-3000543-@example.com,c307358c50f54912854cda0a82cb76ab
loadtest-07122023-user-3000549-@example.com,fa84c60d5c904c6da4b16c70e2801bb2
loadtest-07122023-user-3000630-@example.com,9fa2b5e8c37a4591b3f1f33106e679df
loadtest-07122023-user-3000589-@example.com,4f2003ee3487488b80f1a8f5ad0b676f
loadtest-07122023-user-3000525-@example.com,b647cc2725b549048df611633d408751
loadtest-07122023-user-3000532-@example.com,66127a498b8147f2a8763d8d17653458
loadtest-07122023-user-3000609-@example.com,18a1fbfcbbf34b88ba0e5d5fd0e300f9
loadtest-07122023-user-3000578-@example.com,4c93d85eb6dc4ae5bf3a6581193ea618
loadtest-07122023-user-3000430-@example.com,fdb942443d1d4df2bddacf4d9ceed2e3
loadtest-07122023-user-3000527-@example.com,4b60e95c79424752a7c4442ac77c7298
loadtest-07122023-user-3000546-@example.com,408bf327b12d443caa0ddd2236284c12
loadtest-07122023-user-3000595-@example.com,08f9fba5afd74f2d9603dec5bcbf6574
loadtest-07122023-user-3000565-@example.com,ae87b1e548e841289b5b686320b25209
loadtest-07122023-user-3000643-@example.com,01944976110e4afe9871b400c5713882
loadtest-07122023-user-3000539-@example.com,84e6ba5a394d4598a39231ce34ff26ca
loadtest-07122023-user-3000540-@example.com,505cc64a42234e4a8df069300afc6c06
loadtest-07122023-user-3000545-@example.com,fe7fb38e88b94440a7484f87ab9e67eb
loadtest-07122023-user-3000590-@example.com,31aaa6fcf8c841efad7fdd1ce7681d47
loadtest-07122023-user-3000551-@example.com,66b5be4a16274f33bcb19e40a69e64ac
loadtest-07122023-user-3000575-@example.com,a3e947802e084e148e1a7b30a8494871
loadtest-07122023-user-3000556-@example.com,43b840a3f638466a88c0c6f7f5c3c294
loadtest-07122023-user-3000580-@example.com,43f1468e860d470d9260372957a3cd12
loadtest-07122023-user-3000604-@example.com,c05d14c5e1d84fac9640ed0bba984f39
loadtest-07122023-user-3000559-@example.com,2122b5df353c4b2d946a890d83e58b00
loadtest-07122023-user-3000650-@example.com,e393b2ed342c404e8dac36d7d958eb68
loadtest-07122023-user-3000523-@example.com,ccbcffd4ff55401895a29bc7f11879fa
loadtest-07122023-user-3000541-@example.com,3aea817c4f914db0be583ec8ec1c968e
loadtest-07122023-user-3000599-@example.com,075a1ae5ffff4d74901e5e5798d5290e
loadtest-07122023-user-3000598-@example.com,a6783ca6d4324e77aeac3e0d30b6fb12
loadtest-07122023-user-3000624-@example.com,d6f3b2c16400465d8be6799ca4c58c66
loadtest-07122023-user-3000579-@example.com,149c50ae87bc47328e583cbf9cb40615
loadtest-07122023-user-3000574-@example.com,7e1e63c7f6df40a8b74102b0d7147ce5
loadtest-07122023-user-3000587-@example.com,50dac3d6c0c84a608dd05653218a4cbf
loadtest-07122023-user-3000635-@example.com,9b879124a2d947df894269df698ce849
loadtest-07122023-user-3000597-@example.com,625b6d8e624a4fadbe18d3679a6d93d0
loadtest-07122023-user-3000550-@example.com,376ffd4118804a6e80b8541ce50871d2
loadtest-07122023-user-3000562-@example.com,e47eb3bd21994a0ca3e39e3990ab21b5
loadtest-07122023-user-3000493-@example.com,aa98beab2d7b40878041f534f30314ee
loadtest-07122023-user-3000617-@example.com,781d090f32144f858d2840e66cacea1a
loadtest-07122023-user-3000625-@example.com,3f7cd0329dd147a5aa49df8543eb1ed2
loadtest-07122023-user-3000601-@example.com,710e96c281a445c0946a8ad8c67b5fd3
loadtest-07122023-user-3000636-@example.com,25a483cbb4f64ed7b8ce382cb4e0903b
loadtest-07122023-user-3000672-@example.com,84b7ea00aa2c49dcbd988b9a4cc0a5b7
loadtest-07122023-user-3000596-@example.com,3ef1a906188a41d7b1e152e8d0c2ea85
loadtest-07122023-user-3000644-@example.com,d4b4e0830eb447948d55495c0d41e40a
loadtest-07122023-user-3000586-@example.com,5c5bef5f7e98461fadda77adfa6fb170
loadtest-07122023-user-3000634-@example.com,b35097652d7346e58b5727ff60a1258d
loadtest-07122023-user-3000627-@example.com,d2582b8a2d2d476ba626432b28671c10
loadtest-07122023-user-3000673-@example.com,ec963da3c5ee44c19a417b0abb37d0e5
loadtest-07122023-user-3000582-@example.com,bdc6e25755ee4e99891502a2669e3628
loadtest-07122023-user-3000592-@example.com,c5a66957397140c7b3d17dc14ec5bc3a
loadtest-07122023-user-3000610-@example.com,44b1c5103fac4f35a16ee994d475ce11
loadtest-07122023-user-3000558-@example.com,0af0097347984afd9067ffd68fa2b87b
loadtest-07122023-user-3000606-@example.com,04c925d70b1e4d1ba575770a7eecc922
loadtest-07122023-user-3000573-@example.com,690689a9fac9423a8c9f5098f7f4b2b2
loadtest-07122023-user-3000616-@example.com,6397ac1fe60a44359869f22e9d168795
loadtest-07122023-user-3000605-@example.com,ea6f3322e2c94858add25b56ac7e4ba1
loadtest-07122023-user-3000653-@example.com,98ea7c0a7ec74cbc874893990278fd7d
loadtest-07122023-user-3000651-@example.com,8403ad7610424f429e95759952417199
loadtest-07122023-user-3000660-@example.com,5e4bc117d31845b4aa057c263f2f8ed2
loadtest-07122023-user-3000652-@example.com,f942a4c28e9e4ebfbba38aa9df09dddd
loadtest-07122023-user-3000663-@example.com,72f2ab20e1df4203a3aad487b4f7f458
loadtest-07122023-user-3000613-@example.com,59f798551284433c82e54c4267347fd8
loadtest-07122023-user-3000560-@example.com,06fa9a93865e431097c6c4de683735b1
loadtest-07122023-user-3000665-@example.com,2b3e800e71fc4114aee5a61b32f29cf1
loadtest-07122023-user-3000607-@example.com,209ce4a0f53b43e9b33aafa4d1949684
loadtest-07122023-user-3000661-@example.com,2c44a318f5a346498db35228af69e658
loadtest-07122023-user-3000705-@example.com,764d19c0d54849409b86d6080fb13bee
loadtest-07122023-user-3000664-@example.com,5346d3fbab804a03a78d8d955cbd1952
loadtest-07122023-user-3000659-@example.com,e04c67a009734470ae9850ddd1cc3744
loadtest-07122023-user-3000620-@example.com,3d4e8e0db90547309cd4fd9ed838611e
loadtest-07122023-user-3000591-@example.com,e65b1ac5228f432abbe026f8b785461a
loadtest-07122023-user-3000704-@example.com,4510867e4aff421da8606f647aa54dbb
loadtest-07122023-user-3000593-@example.com,b7ff926a3e614800b86855116441a7ed
loadtest-07122023-user-3000614-@example.com,83d5dd40641247aeb363a74b99bbabb7
loadtest-07122023-user-3000622-@example.com,60a4281b0d034baba5eb441191495f9c
loadtest-07122023-user-3000640-@example.com,d4d1122585ad4f9d9ad3a9763377ce57
loadtest-07122023-user-3000570-@example.com,7e9815a0c553470197bbdc6b9a258827
loadtest-07122023-user-3000694-@example.com,99c9e809a303422dba62049c167a1582
loadtest-07122023-user-3000656-@example.com,832f96b4e646435192ac172cf3c38925
loadtest-07122023-user-3000633-@example.com,b52ffcf79e72421ca91ba4a88d4b2733
loadtest-07122023-user-3000608-@example.com,3d29022405c84208bafd8cad130bf1aa
loadtest-07122023-user-3000681-@example.com,ea4dc6853795436dae8e7ca09f27c8fc
loadtest-07122023-user-3000670-@example.com,a61e39874c6f4da2a34ee17a9ad208af
loadtest-07122023-user-3000654-@example.com,e2d99969046d48ef95ced2c7fb5bb22b
loadtest-07122023-user-3000678-@example.com,72c38ea4154f48019340c387b2804cbb
loadtest-07122023-user-3000669-@example.com,1bfafde4eb334b7d8bb708c889c6dbb1
loadtest-07122023-user-3000576-@example.com,05486f5ded8045b699de810956b9b286
loadtest-07122023-user-3000632-@example.com,9a0b1c798e5e43d9b3fe97aca8f832fb
loadtest-07122023-user-3000623-@example.com,013a06be87fa4f1887b5d0ebdc324cbb
loadtest-07122023-user-3000645-@example.com,4cfe38d0f8ff4ebb941c57264e5f84e1
loadtest-07122023-user-3000564-@example.com,f2b6ccc4d31d49c8873318c475c78fa0
loadtest-07122023-user-3000603-@example.com,c97fdc083be94dc6a9816887ddee10b3
loadtest-07122023-user-3000642-@example.com,9cd71675e62f48f4b2006dcf1b5deaad
loadtest-07122023-user-3000693-@example.com,6cddfd513e6343c89e12ecfc4e748e5a
loadtest-07122023-user-3000619-@example.com,f0caf66f55854046b0c783105ce13328
loadtest-07122023-user-3000618-@example.com,dcac6e6d28b340b5b6927ee5c5183ec6
loadtest-07122023-user-3000711-@example.com,17fc1fe64ee24ea296683c6f48a0d170
loadtest-07122023-user-3000655-@example.com,80adbd5a39fc42858aa69bc9d52ad8f4
loadtest-07122023-user-3000668-@example.com,fe0f8cbfa17548e2b00d3d80a5dd5250
loadtest-07122023-user-3000615-@example.com,a9d823c1dfdb42668092964e0a7f528f
loadtest-07122023-user-3000612-@example.com,b8b3f8ab46184416907cc211f45ba1b2
loadtest-07122023-user-3000698-@example.com,2d6c910d46d94c53b83b0f1f3a88498f
loadtest-07122023-user-3000697-@example.com,b9a84071c6b449dfa80a2078208e54c2
loadtest-07122023-user-3000602-@example.com,4c9ab79f17bb4609ba5c36a16c3225b5
loadtest-07122023-user-3000686-@example.com,31be7570895941e7b1360800d1d5aa1f
loadtest-07122023-user-3000658-@example.com,5b3da610875b4bcab5ade7fc49d7629c
loadtest-07122023-user-3000588-@example.com,8754ce4fc86b4db480aadee8076822a9
loadtest-07122023-user-3000611-@example.com,edb3019c916d4474bffa7ed41bc75bf4
loadtest-07122023-user-3000648-@example.com,5c2c904abd2c4a1fa2e45a1641d3150a
loadtest-07122023-user-3000639-@example.com,921f81f9d56c46eb8447132cba407b2d
loadtest-07122023-user-3000714-@example.com,831504541d6b4c9ebaf046e42584ac5c
loadtest-07122023-user-3000594-@example.com,47b6b10f48474734a54d88c172004684
loadtest-07122023-user-3000690-@example.com,612181d5bdf94eb0a74247a272099c7e
loadtest-07122023-user-3000685-@example.com,a1b50332d0924c139cb5c94fd1341109
loadtest-07122023-user-3000638-@example.com,0122ad488a7f44ba8c9e0cd70ed8a3ee
loadtest-07122023-user-3000621-@example.com,a0e8df3c671d4afe8940afcaeddba355
loadtest-07122023-user-3000676-@example.com,8c65beb2e6a1469db51ccbd3f44050df
loadtest-07122023-user-3000707-@example.com,5aadb705cb5a4a51be217c33dc5e72a0
loadtest-07122023-user-3000716-@example.com,97ba5081e0ea4fe884a68113debe2f21
loadtest-07122023-user-3000695-@example.com,6799d61848704b41ab52a853691665bc
loadtest-07122023-user-3000647-@example.com,9569d7036ffd4ba3b3ac1e50f83c5dbd
loadtest-07122023-user-3000657-@example.com,1e44ce562a8a466ea299d3ba98bfad56
loadtest-07122023-user-3000671-@example.com,9a29e9afdfc74ffea75d3af57e570f4e
loadtest-07122023-user-3000709-@example.com,776dd4304e334c6d8ef10e5e2a9b15c7
loadtest-07122023-user-3000646-@example.com,a3c3002fad0c4b8ba41fdb5c4c3787c4
loadtest-07122023-user-3000683-@example.com,e0f4d7fa144e46088cd7cdbf34b8813f
loadtest-07122023-user-3000626-@example.com,0cd02da3dec54948950c42273f587644
loadtest-07122023-user-3000726-@example.com,aaf584126636423a889ef22a94679fcb
loadtest-07122023-user-3000577-@example.com,03bcb64a96154cf69217e72b108b05d1
loadtest-07122023-user-3000674-@example.com,55057f838a0a418b8e72a09c4ab819c9
loadtest-07122023-user-3000641-@example.com,db031a25368447fe99abbb5e43d19466
loadtest-07122023-user-3000628-@example.com,9543d920677f42d4b5d9117ed321dc3a
loadtest-07122023-user-3000737-@example.com,301b050ad9394bbcbe26d8238a47c02c
loadtest-07122023-user-3000696-@example.com,a2abc2e223fe47e2a036ee7aeb620e28
loadtest-07122023-user-3000691-@example.com,dd28e09ae680422eb375f6f5841d2409
loadtest-07122023-user-3000687-@example.com,baee46c83120469f982ae17b05c2ec69
loadtest-07122023-user-3000649-@example.com,3d7e95e0a4c743acae1d0c0ce9b4810c
loadtest-07122023-user-3000662-@example.com,d0502bbaed6e4a6d90d474db235b4ee9
loadtest-07122023-user-3000689-@example.com,3f8302a53a6b4363afeb28b845ed0224
loadtest-07122023-user-3000666-@example.com,4b4143ce381e405997ee8029cbd0fa43
loadtest-07122023-user-3000740-@example.com,0eced4bc7f7d4117ac80803de35b311e
loadtest-07122023-user-3000637-@example.com,3cd6c674a2fe4370aa62335003e74914
loadtest-07122023-user-3000720-@example.com,ea3fa4e16695414098de534b1c6ebbc1
loadtest-07122023-user-3000675-@example.com,4dd3e2548c6e4ba89dc160cd3a1d0743
loadtest-07122023-user-3000682-@example.com,de37f9f623224fae94c839df5af171c4
loadtest-07122023-user-3000600-@example.com,1d2a6ca06ccc472682eb83227557f5e3
loadtest-07122023-user-3000679-@example.com,b7694aea523143eba69a75f9dfc09e93
loadtest-07122023-user-3000749-@example.com,f5f47302998049b68b47bb743db02863
loadtest-07122023-user-3000734-@example.com,b816787d9e7c407d9e21e38b569575e6
loadtest-07122023-user-3000731-@example.com,bc8ef17bd5694203b027bb999ae87bb0
loadtest-07122023-user-3000732-@example.com,fc47f5c07aec4d3b93bf5307fc3fa527
loadtest-07122023-user-3000742-@example.com,18a5a52227bd434a812cacab3d5eaf2f
loadtest-07122023-user-3000713-@example.com,bb07b831798b43788f19b38ef6d026f0
loadtest-07122023-user-3000701-@example.com,933da98562644a48a6cf66458027deb3
loadtest-07122023-user-3000718-@example.com,e325a99b329844e1b8047437880b85bc
loadtest-07122023-user-3000745-@example.com,d8f66302b5e5482686e3a4c4f45a25a1
loadtest-07122023-user-3000703-@example.com,d0695d7c8aac4c5b82b933e4213bf8d9
loadtest-07122023-user-3000715-@example.com,f95ca2bea1f14d6493dd6a61237edf84
loadtest-07122023-user-3000738-@example.com,591b8d442ddb4299a5269a0d3c848c5f
loadtest-07122023-user-3000631-@example.com,5419f447fbb0431790ff58bf4f879535
loadtest-07122023-user-3000763-@example.com,6c5591996ea14dc680bba7ed38dec4f3
loadtest-07122023-user-3000755-@example.com,a3ddda81fb26480b9f674e1fb0b079bb
loadtest-07122023-user-3000759-@example.com,e14f47ca2043474180407c302fc7b88a
loadtest-07122023-user-3000702-@example.com,c7dfecb0093544b3a7d6743bec6b1e80
loadtest-07122023-user-3000667-@example.com,dd9e8af2dd624af3ae2848677db606f1
loadtest-07122023-user-3000770-@example.com,9a6f1af8ae594c0385c355f7a9303dbd
loadtest-07122023-user-3000680-@example.com,f5fcad3d15c34c758cfd5fd4be881d33
loadtest-07122023-user-3000684-@example.com,7ce6c62c2262435a9a5432f749e9f7cc
loadtest-07122023-user-3000700-@example.com,89d5271b637b46f5af3992f5de57671d
loadtest-07122023-user-3000677-@example.com,0bd20cd31c2540eaa0e5baad3034f290
loadtest-07122023-user-3000748-@example.com,902c128c789943ed8caff86f9eaa2c59
loadtest-07122023-user-3000727-@example.com,c32db2bec628461798abbe5c7fd078e8
loadtest-07122023-user-3000722-@example.com,775ea74ba3984452bb77ab18ed244f3a
loadtest-07122023-user-3000762-@example.com,94070b6cdc8441f393859d7b223b5936
loadtest-07122023-user-3000743-@example.com,3c8273c0e22c49b4b7c0543efc572fb0
loadtest-07122023-user-3000747-@example.com,87e0f8a57463491d9654395a76f58db7
loadtest-07122023-user-3000776-@example.com,60c48f5ba2a24c1eb43a3c0db2b87e91
loadtest-07122023-user-3000692-@example.com,afca4335c06e48eb8b9217f3bb2bd5eb
loadtest-07122023-user-3000800-@example.com,c075183d3c6a4e7f8380afd457f91453
loadtest-07122023-user-3000791-@example.com,1961dcae40b2449fa2385fd10a197f6e
loadtest-07122023-user-3000712-@example.com,c13b35909e89449197f931e4c54b74b6
loadtest-07122023-user-3000805-@example.com,91525ddfefa64666816fefd37a1e0f38
loadtest-07122023-user-3000629-@example.com,f77c2e6a426c4cf69b5880c0d9b1e9b8
loadtest-07122023-user-3000736-@example.com,200006c0aeba44adab1509a980f41569
loadtest-07122023-user-3000746-@example.com,62a03c8369cb4d20bb4387b5f319526b
loadtest-07122023-user-3000719-@example.com,d1d9ea03c384424b88423d90a5fddfbd
loadtest-07122023-user-3000733-@example.com,3b4359ec851942069b756f9b6a00ea8a
loadtest-07122023-user-3000751-@example.com,2a948737daa04ee3b2aafb78b66a7e88
loadtest-07122023-user-3000774-@example.com,4ae1fb10c40042dabf2fe00d4358cccc
loadtest-07122023-user-3000699-@example.com,a8ff1244cb8a4f40b71d04743deb888f
loadtest-07122023-user-3000782-@example.com,afe0ab7a6d22421b859607bf58d2530a
loadtest-07122023-user-3000815-@example.com,d93d0f98cdd24f61aecdcd7a540f2db0
loadtest-07122023-user-3000808-@example.com,9f61bff1ca1348138b256df31da27602
loadtest-07122023-user-3000769-@example.com,68b51e8c78594be99f0fdaa8443b5d38
loadtest-07122023-user-3000807-@example.com,2f514a49772c4b1eb706c70d54b9363d
loadtest-07122023-user-3000764-@example.com,c0055c8a1cee42db987894fa5b30c1fc
loadtest-07122023-user-3000794-@example.com,87e4c97b45ea49d2b1d2a7241c5ace04
loadtest-07122023-user-3000812-@example.com,293778f9f2fa41d3a83309b5109bf6e7
loadtest-07122023-user-3000796-@example.com,4b386d1265844eaba55bf33c2f893c1c
loadtest-07122023-user-3000706-@example.com,14536e42a6fc4d339c64ee1169206004
loadtest-07122023-user-3000754-@example.com,9de0236cf89c4b58825ba902158dbacc
loadtest-07122023-user-3000784-@example.com,5d270ca4e21a47b6a9c9de72b1e03da5
loadtest-07122023-user-3000708-@example.com,0dd2bab4bc30476790ce7be76c5cf04f
loadtest-07122023-user-3000724-@example.com,3eeb6fd4540d46b3ba8c9cc2f9db7f1e
loadtest-07122023-user-3000752-@example.com,11652317c47e44cd997340752f349a21
loadtest-07122023-user-3000725-@example.com,5cefb32bb9e745eaa2636f43c5076490
loadtest-07122023-user-3000797-@example.com,9769fcc461c540b68d6f31e8ab30d38a
loadtest-07122023-user-3000728-@example.com,eaffdbb23d1843af80ea8466a079f877
loadtest-07122023-user-3000757-@example.com,56c50781e4194915a2a6cdf349f7d3ad
loadtest-07122023-user-3000710-@example.com,5cfc0c5c2c9b45328006540a49d929d3
loadtest-07122023-user-3000717-@example.com,63ea8c9f3f1c438aa4a2a967b3eb8a04
loadtest-07122023-user-3000730-@example.com,4f8cd733338e48928c7fc62798b7b9be
loadtest-07122023-user-3000735-@example.com,3254f506c0c046d7a6c259fb1febaa3c
loadtest-07122023-user-3000775-@example.com,55651ad550d0481fa6d8c29fff1964d2
loadtest-07122023-user-3000723-@example.com,a498eb23e39f4e35a34f61e5b1a19164
loadtest-07122023-user-3000688-@example.com,be298ed3d3de44c5bf9bc8eaa60289f9
loadtest-07122023-user-3000804-@example.com,3b137200877142ea80a3a0ef907adacf
loadtest-07122023-user-3000818-@example.com,4d4f0a46686f43a1b222e8287fd9cf1e
loadtest-07122023-user-3000786-@example.com,4e59d4999e0249b8a2020995d122f484
loadtest-07122023-user-3000767-@example.com,f9be02b46e4c400eba6cfe5061c914cd
loadtest-07122023-user-3000744-@example.com,634089a4107b488a9a5dd0358f191634
loadtest-07122023-user-3000785-@example.com,f3a879744d564e5eb44b23b5850582c9
loadtest-07122023-user-3000739-@example.com,22d52a69940b4e4fa4bc7d675d90ef3e
loadtest-07122023-user-3000820-@example.com,f82e557dd3e548f980377365e93d6c6e
loadtest-07122023-user-3000830-@example.com,9a6a59246b924e03816e5c901bdfdb19
loadtest-07122023-user-3000814-@example.com,7be9ba8330e14198ab56c87cb93d4c91
loadtest-07122023-user-3000850-@example.com,459474512b3e42469dab9a2466a95a71
loadtest-07122023-user-3000789-@example.com,5ab08e07661e4a9f927e5f870950e705
loadtest-07122023-user-3000760-@example.com,a9f2ed6ed63b4ccf9d85083036dc815b
loadtest-07122023-user-3000721-@example.com,72866b55365743f68fb2de037cc44d3d
loadtest-07122023-user-3000753-@example.com,7b2b46df8be1439c9d89acb692f0555a
loadtest-07122023-user-3000729-@example.com,1ce3bbb833c14b2ab83be6b0a0cf5603
loadtest-07122023-user-3000861-@example.com,79d5e40b3e36497698fb7c87aa3c5a0e
loadtest-07122023-user-3000783-@example.com,e5dc5055bafc42deb320018f0dd16c83
loadtest-07122023-user-3000827-@example.com,3f5facf989534fd183d8f1c6d04d17ca
loadtest-07122023-user-3000768-@example.com,dd9baf777e5c4472b112984450ec532e
loadtest-07122023-user-3000811-@example.com,2f50e227af3846e98756bfcd29017106
loadtest-07122023-user-3000834-@example.com,7ea5e4e960aa4609963a3f36c681dbc5
loadtest-07122023-user-3000857-@example.com,28230995f752453ebac18d479b2534de
loadtest-07122023-user-3000826-@example.com,5f088a22056341e7a2d4ad2bc75fb2d7
loadtest-07122023-user-3000809-@example.com,5f64649bbd3541ebb05e5dc41f95cb7c
loadtest-07122023-user-3000841-@example.com,ee3b6fa140bd4ee195c0d7fca956524c
loadtest-07122023-user-3000761-@example.com,92d75090fbb645de826d7f6dd3ab7cd1
loadtest-07122023-user-3000799-@example.com,44ffa87fda7d4839b33f3de3544f8c21
loadtest-07122023-user-3000873-@example.com,bdfd311769e944c698b022382347c5c9
loadtest-07122023-user-3000842-@example.com,878ae95fc72d42cc8bad854a341cf984
loadtest-07122023-user-3000788-@example.com,a7cfb7c7eb704291a800eafc6eb88cee
loadtest-07122023-user-3000779-@example.com,c413caa37c7242b4955e2cdc29a42f86
loadtest-07122023-user-3000758-@example.com,38682c5348b8483ab07f2153f60d04bc
loadtest-07122023-user-3000765-@example.com,ab1c6ef898ff4999896d57d135e85ad6
loadtest-07122023-user-3000822-@example.com,bf47d33e5bb14ab88b238acfe405347d
loadtest-07122023-user-3000871-@example.com,854771edcb8941f6b63505da5c2eb039
loadtest-07122023-user-3000795-@example.com,f5fba4a567924bc09ed82d89172f3e83
loadtest-07122023-user-3000793-@example.com,af853458a386447aa50ad57a4e9a9f33
loadtest-07122023-user-3000778-@example.com,717096a76e614a54b06458fbf597771c
loadtest-07122023-user-3000798-@example.com,a9db07cca2ca4ee0b259db36d4817c3d
loadtest-07122023-user-3000840-@example.com,ba633df205d44bf9b4e4ccc27580499c
loadtest-07122023-user-3000846-@example.com,f458161ddb474139bd60f7fdf0ff121a
loadtest-07122023-user-3000886-@example.com,97a27835c6e74e788da150c8ddb0c61a
loadtest-07122023-user-3000777-@example.com,95f3be0333794dafb6b1928189bce3b7
loadtest-07122023-user-3000781-@example.com,79536db241084de8ab1f05136c476766
loadtest-07122023-user-3000854-@example.com,ad21f8d7194543ca85a192d6a6971f58
loadtest-07122023-user-3000787-@example.com,0d8f2f24d9ad47cea8d79164ce74f038
loadtest-07122023-user-3000801-@example.com,54d0b70f44bf40cdb639acd833fe1bf0
loadtest-07122023-user-3000773-@example.com,8488a612c5e947c2affe37fcc175c316
loadtest-07122023-user-3000849-@example.com,27a1a27fbb4244e483cab704c0dc238f
loadtest-07122023-user-3000806-@example.com,3d672ba70c9248319386bcb8001a7c2e
loadtest-07122023-user-3000803-@example.com,fa8d4a5941a34ee39f2f52860c389bb4
loadtest-07122023-user-3000750-@example.com,8aba1a1ce1b7431586f1d9e24059a1d2
loadtest-07122023-user-3000771-@example.com,facdca2367d042b58f5d1097fcd6935f
loadtest-07122023-user-3000756-@example.com,112d4f21aba34e54b4c89c763d2c7d39
loadtest-07122023-user-3000821-@example.com,9b6798f1362f4af1889cb9e0a0266af8
loadtest-07122023-user-3000848-@example.com,61dfcf0606474b09923322b2fa94abf8
loadtest-07122023-user-3000790-@example.com,401407419fc04420a0a2c15305b76691
loadtest-07122023-user-3000772-@example.com,ca46bfb165d44670aac4087a1ed7d39b
loadtest-07122023-user-3000863-@example.com,589683eeb16e401493cbe1b93edd5de9
loadtest-07122023-user-3000816-@example.com,f11b03f462a54ffdbd344cc38d8a0cb5
loadtest-07122023-user-3000835-@example.com,e3ed9f7c0c924128bf103626ca6a3d80
loadtest-07122023-user-3000855-@example.com,3ae0072daee049c88bf082c3650f3b28
loadtest-07122023-user-3000858-@example.com,ba63290ef99747729a014647fd1b2a82
loadtest-07122023-user-3000825-@example.com,bc8d986b68a0439c8c8111536e095346
loadtest-07122023-user-3000766-@example.com,1f501e349dd34c3190c254076c0f8e70
loadtest-07122023-user-3000902-@example.com,276d1a495a244a589b6ed059fb7e0ac0
loadtest-07122023-user-3000897-@example.com,7f1019fb4f884822a68ab24f86271e0c
loadtest-07122023-user-3000810-@example.com,78ffa4aea5344e2e957a6b732f87c9c0
loadtest-07122023-user-3000847-@example.com,7bda39f20eaa4411ae860e29bc91f92e
loadtest-07122023-user-3000829-@example.com,82c146e7085640f1affbfe30cf498ce2
loadtest-07122023-user-3000817-@example.com,86f20903ae894c38a3f2316ebe9e96ae
loadtest-07122023-user-3000852-@example.com,9291ceb66ebd4e9ebbc24ae4cd3e6c10
loadtest-07122023-user-3000792-@example.com,c02e6e4eb07f4b0f88ae5ae59b17b311
loadtest-07122023-user-3000838-@example.com,7913c52649934f69a13ed678157aafba
loadtest-07122023-user-3000877-@example.com,ca765bf9197d45bc8eb57ea4cfab1ba6
loadtest-07122023-user-3000819-@example.com,918fd0e1024b4607977e3fd2f44160c0
loadtest-07122023-user-3000904-@example.com,51643ae29945492094d3cfedd1130916
loadtest-07122023-user-3000802-@example.com,5986c915485c47bea7d0f0dbc2b5e21e
loadtest-07122023-user-3000859-@example.com,e30f2819efa14d25bb3874e39dc03198
loadtest-07122023-user-3000864-@example.com,0040235407e748d29622fb29f16aed8e
loadtest-07122023-user-3000837-@example.com,8e8ba0f3be51412582257f74998902b4
loadtest-07122023-user-3000780-@example.com,3ae0536dc99d49ddac5be396a5e063c3
loadtest-07122023-user-3000828-@example.com,b245af08730d4750a1c97bfcedc52bcf
loadtest-07122023-user-3000927-@example.com,9f6d1232c2884fbdb669429dd120adcb
loadtest-07122023-user-3000843-@example.com,7b24e28efdef4af7b42ef2f586bad730
loadtest-07122023-user-3000906-@example.com,a7aa3a714cca4f8dafc2d7a72c2f790c
loadtest-07122023-user-3000887-@example.com,754b0c4015bd40c29498d3020343d0f2
loadtest-07122023-user-3000874-@example.com,5294b8a42c1e4906933c45e3a203581e
loadtest-07122023-user-3000862-@example.com,f4f5ab756e3e4e668bba920b3128fdb9
loadtest-07122023-user-3000881-@example.com,0882c044bbdf4400ba96ee7e51aaeca1
loadtest-07122023-user-3000876-@example.com,804df61183ee41839e5732496e9e20b2
loadtest-07122023-user-3000917-@example.com,55e0e762d71b4274aa213915790114a4
loadtest-07122023-user-3000891-@example.com,9bb6a48195b94e2684cfd06934834b6f
loadtest-07122023-user-3000875-@example.com,137fdc4deccc4350b7a853e8a2f11013
loadtest-07122023-user-3000851-@example.com,6fbc011e70ad4e8784d3ae40c1eb5fb5
loadtest-07122023-user-3000845-@example.com,b3a028ab0b0d4b8da632029bc19b8ed5
loadtest-07122023-user-3000832-@example.com,e996771553b94a1bb6a3ed11e20cb898
loadtest-07122023-user-3000870-@example.com,247f44f63b484ef0b317c3c1d7a61ba3
loadtest-07122023-user-3000895-@example.com,3815a2c5cc6043a78dfcc61ade2793b6
loadtest-07122023-user-3000823-@example.com,10ea2d67fbd94dd2b7372122009fba9a
loadtest-07122023-user-3000865-@example.com,8d7186f122ad415089ae3d8f457bd29c
loadtest-07122023-user-3000844-@example.com,6187d94d60f4470a9d4056a29cc60d67
loadtest-07122023-user-3000879-@example.com,e2658b9a93054155962629b772871436
loadtest-07122023-user-3000924-@example.com,e0519662ef8d428fb7537173389a2bcf
loadtest-07122023-user-3000888-@example.com,2e766db8a1724345af2287c688bd51df
loadtest-07122023-user-3000824-@example.com,856755cf09d24ca5ba168c0d66b98433
loadtest-07122023-user-3000839-@example.com,7d45d746bf51413da0b54b2bf0cad599
loadtest-07122023-user-3000915-@example.com,bdc4b1f11f6f41fb94627f4823c4a7d1
loadtest-07122023-user-3000880-@example.com,9dbe7f75b29c4d528be2400d5201d085
loadtest-07122023-user-3000866-@example.com,e1422107e46948499a1ba8eca51aff68
loadtest-07122023-user-3000869-@example.com,fca5c521ffdb4ea7801f309f4c84bda2
loadtest-07122023-user-3000883-@example.com,0e3b47ac00914b99af37511355c2a0ee
loadtest-07122023-user-3000856-@example.com,396af17ac77743eca07e0674b852491f
loadtest-07122023-user-3000885-@example.com,523b49489a4c4250b9c7ba78ae8ac6ec
loadtest-07122023-user-3000884-@example.com,32fdb0131bbc49be8f91093918ae7025
loadtest-07122023-user-3000894-@example.com,a754a694d1a940cc900c27b333b4b274
loadtest-07122023-user-3000868-@example.com,10819087ab244cadaba47f45075f34ca
loadtest-07122023-user-3000935-@example.com,bbfbe3d9d9b640e9a06b25f3953225b2
loadtest-07122023-user-3000890-@example.com,4502a7d17b2546ea8bf7fa286c811988
loadtest-07122023-user-3000913-@example.com,c7800a2a8abb483f8b583d017f07d5b1
loadtest-07122023-user-3000889-@example.com,d8ba61a0889e4a8c9dbb36f72cd9ffab
loadtest-07122023-user-3000942-@example.com,b044d1e3de304b4282971513c8477023
loadtest-07122023-user-3000831-@example.com,f9d75bda280b4f64ac924f96f266df52
loadtest-07122023-user-3000907-@example.com,0621995e125c499d89d66c2e5bfbf4d2
loadtest-07122023-user-3000833-@example.com,738b20985024483f85c7f462b595d82e
loadtest-07122023-user-3000918-@example.com,57d9f1e2ecc7478d9e978f94549e56a7
loadtest-07122023-user-3000934-@example.com,7822f9a9f356423b8a61b27c1869ba03
loadtest-07122023-user-3000901-@example.com,5bf5634d548643df98751a0b9162d3fc
loadtest-07122023-user-3000867-@example.com,bdcfc241545e4e7c80f9790d1126f7b6
loadtest-07122023-user-3000944-@example.com,90790a63cce94b098f90bc78891188ec
loadtest-07122023-user-3000912-@example.com,c2f218dc0c17471a8abdb36a53eda453
loadtest-07122023-user-3000813-@example.com,9dc6c88c92624d949f8f1eabce0fcc5a
loadtest-07122023-user-3000923-@example.com,0b45c2e7b7534c668d75978664969c67
loadtest-07122023-user-3000908-@example.com,7c46b782f05f47179755f0d9125ab94d
loadtest-07122023-user-3000853-@example.com,43051099eb4543b18d891a39631079bb
loadtest-07122023-user-3000896-@example.com,c9f6289705e7480caf96d9eefec44584
loadtest-07122023-user-3000916-@example.com,9b45729db95742c99318c79956383379
loadtest-07122023-user-3000872-@example.com,3002d12f4b0c4da49027d5c4e5392f16
loadtest-07122023-user-3000836-@example.com,bf9788aa984c4d3da04b41b9e9efea9f
loadtest-07122023-user-3000922-@example.com,5cc3e0c99d744219aef89dc0daad3552
loadtest-07122023-user-3000939-@example.com,3e8067cc113443a5a1c95179758cc543
loadtest-07122023-user-3000911-@example.com,28f39cf5a9474dd5abc597826be733f2
loadtest-07122023-user-3000893-@example.com,d08e3dfde60941968cdb39d38b4fb0be
loadtest-07122023-user-3000909-@example.com,f3fb08f37fb848a597d26b9cfc91f8d3
loadtest-07122023-user-3000945-@example.com,58fa28ec195b4421a698491758359fe2
loadtest-07122023-user-3000926-@example.com,dd7b651e9d7d4f83a0ead0b15148a172
loadtest-07122023-user-3000898-@example.com,021e44f13ba04f0cb89e8ea4ad37662d
loadtest-07122023-user-3000905-@example.com,a3dbf783de0c454dbc28fafc73c66fa6
loadtest-07122023-user-3000892-@example.com,e47f9804a1184a028f675888b9031d59
loadtest-07122023-user-3000900-@example.com,7b54befca3e24d02a46286d597142158
loadtest-07122023-user-3000941-@example.com,59522ae4eb6a4a3a8d148484bb7bf9b7
loadtest-07122023-user-3000963-@example.com,598d5b0f04e74fd6b4c41ed15d461641
loadtest-07122023-user-3000962-@example.com,60c2ba47fdf34334b2b3dc9e9c997d86
loadtest-07122023-user-3000974-@example.com,3c550b3881e74bb2b638059226403709
loadtest-07122023-user-3000929-@example.com,0e19bd06aee045888783a7740f7b5744
loadtest-07122023-user-3000973-@example.com,50341bad014c4e5095043188f037353a
loadtest-07122023-user-3000948-@example.com,1fca2ca5afea49d48fd31d940411422f
loadtest-07122023-user-3000930-@example.com,0189e5922ae246228067b4a3666b8144
loadtest-07122023-user-3000946-@example.com,187e6e42833b4cc794726192e116bc78
loadtest-07122023-user-3000940-@example.com,27ba9ede6bb8478387a63ed41e1b8d7b
loadtest-07122023-user-3000928-@example.com,1a2e84085886476dbe6661f98df9495e
loadtest-07122023-user-3000976-@example.com,56d9e80de40e41298bd33735abd78931
loadtest-07122023-user-3000937-@example.com,c72821e7abd749c9a8ddfff046fae8f8
loadtest-07122023-user-3000914-@example.com,cab2f151f54e4918be521f592ef4ca89
loadtest-07122023-user-3000920-@example.com,9739a95201cc4eaa8ba4bb0b6a306334
loadtest-07122023-user-3000860-@example.com,d0c490874f154095b4ea87ee3195a184
loadtest-07122023-user-3000959-@example.com,847991d11ff74820b405c08818cf23bf
loadtest-07122023-user-3000933-@example.com,763eeb1c35ee4d04b0dd84af1a451d2c
loadtest-07122023-user-3000956-@example.com,a9b05ec695b9456280c39af08337f78b
loadtest-07122023-user-3000899-@example.com,4f5afa130aa142e18d6cfa5063af2324
loadtest-07122023-user-3000882-@example.com,c1b52b4e87ba4df28c56b2133cfebaa5
loadtest-07122023-user-3000966-@example.com,b4297cb7a766477aa868f55bbbe866ac
loadtest-07122023-user-3000910-@example.com,dc53101f5f3b4efeac948049e1817246
loadtest-07122023-user-3000961-@example.com,6e61d230eba14452903c12b7ab5b1e12
loadtest-07122023-user-3000952-@example.com,751ca5a6885f49d4b1ab8627bcde028d
loadtest-07122023-user-3000982-@example.com,0cc6676f6cf24dd597882e6d5118e0df
loadtest-07122023-user-3000949-@example.com,a22bd5b19ae740188af8a11b7ce0cff5
loadtest-07122023-user-3000951-@example.com,eb97042488b44671b1803ddbd8597b40
loadtest-07122023-user-3000938-@example.com,cf6b7081120d4a89adc7a0b66862c759
loadtest-07122023-user-3000925-@example.com,a6b2fd3a6f2644fdb15264eefb029a3a
loadtest-07122023-user-3000980-@example.com,7da56795a9ff438ab15b1215ddbe0f3c
loadtest-07122023-user-3000878-@example.com,f332f3a3c6cb4f8a84569b956089d770
loadtest-07122023-user-3000919-@example.com,d96007e5f312413fae4fe6af1515dae7
loadtest-07122023-user-3000958-@example.com,f1ba183a9b064e659910eef629ecc8ce
loadtest-07122023-user-3000969-@example.com,1e0175959f0f498884bd705f4b31156d
loadtest-07122023-user-3000903-@example.com,b2c499ba165143328ce4637b19092b92
loadtest-07122023-user-3000931-@example.com,27aa4881d86847eaadf0106a65bb8cf2
loadtest-07122023-user-3000989-@example.com,3e2db50235c14f3981d2e3ab38da60c1
loadtest-07122023-user-3000953-@example.com,39da32fad07842aea3f540fbe06e7120
loadtest-07122023-user-3000975-@example.com,bf79fc88edb1430f9934ef0ed1e467cc
loadtest-07122023-user-3000972-@example.com,78113492456e4abba8c9c712b2e88518
loadtest-07122023-user-3000999-@example.com,9aa33a09f97c4693a7ba1a4813d1e5e3
loadtest-07122023-user-3000981-@example.com,c1b69b2283fe47c588b1b0f370effa07
loadtest-07122023-user-3000988-@example.com,1fe6561ca41744ed8491204a0bb838c9
loadtest-07122023-user-3000955-@example.com,ba3f86c9d7f4479f9d14b2787571bf61
loadtest-07122023-user-3000921-@example.com,4f8f2d5a01454d23a8b5288be9976f4c
loadtest-07122023-user-3001002-@example.com,1bd9ca809766468a830293e98d9fa96b
loadtest-07122023-user-3001007-@example.com,9388a0a4c0e5441e87fe1af5be224bb9
loadtest-07122023-user-3000967-@example.com,b35f33a5b13b4d70a6dfb15b47d64eaa
loadtest-07122023-user-3000979-@example.com,0a0591c99e854e30b4497cacc1e6a898
loadtest-07122023-user-3000993-@example.com,f2823bb1accb4013b7175021ae48fccb
loadtest-07122023-user-3000970-@example.com,4ec30eaaa0254435995439fa7e875ae0
loadtest-07122023-user-3000977-@example.com,92809987325444369ab01644a3b7811a
loadtest-07122023-user-3001015-@example.com,d140528fce3b4b6e99b3ce2ac899b1df
loadtest-07122023-user-3000932-@example.com,7b6b95edb8404bfbb2a1f3e906d768ab
loadtest-07122023-user-3000741-@example.com,d8d7d273b5f04663bee7d2a57b4e445d
loadtest-07122023-user-3000954-@example.com,28852e9d2baa4836b6ad975917f76bbd
loadtest-07122023-user-3000957-@example.com,0391577cf2aa43f8a11d48b1ab94d0bd
loadtest-07122023-user-3001030-@example.com,76ee5eff08f0403dbc9642b1cebb1a87
loadtest-07122023-user-3001008-@example.com,1d433cb3c10f46e88f0f49185170810f
loadtest-07122023-user-3000997-@example.com,08db30f7c5b942daa839cc0f98d3854a
loadtest-07122023-user-3000965-@example.com,db3717b0eeb1475fb0b434a066d01394
loadtest-07122023-user-3001031-@example.com,ec5a521c830c42f4b4e90b149540f412
loadtest-07122023-user-3000943-@example.com,f3e5297da5c84b2ca1f6e8e4cac34184
loadtest-07122023-user-3000968-@example.com,d1317524ce204af88f6f6b0a78599570
loadtest-07122023-user-3001011-@example.com,e07e35eae3a14513953b22b0b1fc6412
loadtest-07122023-user-3000964-@example.com,5373d13f4d014ec98a76b953d111f0cc
loadtest-07122023-user-3000971-@example.com,773b93d3396d4d428fee4b1e5ecebf64
loadtest-07122023-user-3000947-@example.com,3f713b86ed194c7aa719541940268f18
loadtest-07122023-user-3001003-@example.com,60311ac1ce9b4a9eb9f44c75b7f78fde
loadtest-07122023-user-3000936-@example.com,c0db9ff8851e4ffa873bc4e2c852bc7d
loadtest-07122023-user-3000986-@example.com,3668d42bc7bf4066bde3ff2a1ffea818
loadtest-07122023-user-3001005-@example.com,f98b0344992f48a795a80cfe98b86408
loadtest-07122023-user-3001042-@example.com,adcdaa282d894b9baa6889dfa52558c5
loadtest-07122023-user-3001000-@example.com,2d9f297968344e1b8a66f96ad69b5dad
loadtest-07122023-user-3000978-@example.com,5cd5394c1845419f9e732b1561c77f91
loadtest-07122023-user-3000992-@example.com,c1ef67c53e6446a98a954bb7f728ba55
loadtest-07122023-user-3001049-@example.com,047a296943d2497e89e5a8e0e6c147d1
loadtest-07122023-user-3001056-@example.com,66e6d08cba7441c69afda6e68f7b9f40