email,userId
loadtest-07122023-user-3000970-@example.com,c79011efe34e492bbacdbd547502d3f3
loadtest-07122023-user-3000977-@example.com,0339747a868e4af19e6d299cd5aad2c8
loadtest-07122023-user-3001015-@example.com,4b7e155b8c2a4ea3aeb088fc815f3422
loadtest-07122023-user-3000932-@example.com,4f46ab2000cf41e280680c6ac115df5e
loadtest-07122023-user-3000741-@example.com,efb6e308b09346a691705d7eba443982
loadtest-07122023-user-3000954-@example.com,96ebe15c14914e10bc5f3bd06007c22d
loadtest-07122023-user-3000957-@example.com,81f5007cde404a609c339a2448e4f0d6
loadtest-07122023-user-3001030-@example.com,ec41186fa0db41d0b4372ade91195763
loadtest-07122023-user-3001008-@example.com,9e077ad9ee6848a19d75e7ad925c884c
loadtest-07122023-user-3000997-@example.com,013e3116b73a4908a900449f96ab6203
loadtest-07122023-user-3000965-@example.com,6930ae1ec5a141c4a6ffc9bbb9e0c9da
loadtest-07122023-user-3001031-@example.com,1d897df86aa64e2d94d78dcaee015265
loadtest-07122023-user-3000943-@example.com,6639b0b86f4248ce8c06648c73e1bdad
loadtest-07122023-user-3000968-@example.com,17b5627e485848d2985d42bcb7d06e8e
loadtest-07122023-user-3001011-@example.com,7bb33601d0b94d23977a688311fa7f12
loadtest-07122023-user-3000964-@example.com,668c633e65e5470594ab7a86e31ebc50
loadtest-07122023-user-3000971-@example.com,c2e813b53e6d4cec8afb759ed6ecea8e
loadtest-07122023-user-3000947-@example.com,e39a8e69a0334c60804a6b48647636bf
loadtest-07122023-user-3001003-@example.com,1ca8021ffb7548e9b64f118588696878
loadtest-07122023-user-3000936-@example.com,5417fc6e2df34a8eb8131c0f546dab4f
loadtest-07122023-user-3000986-@example.com,79fb6074831d4a36b7d6ae0e3f2a7084
loadtest-07122023-user-3001005-@example.com,f2ba3083889646e0ac6c99e752d2d24d
loadtest-07122023-user-3001042-@example.com,f8ae717f6f6241fa91c2ddf0b193d51e
loadtest-07122023-user-3001000-@example.com,429220e453de4cd3a49eb670ed099d9d
loadtest-07122023-user-3000978-@example.com,a953d36516414382a7f16b51fe9853af
loadtest-07122023-user-3000992-@example.com,e888685c2d6c44ffa6f9621d4b861ee6
loadtest-07122023-user-3001049-@example.com,d5cbdefb92894c298892106234ef9ee2
loadtest-07122023-user-3001056-@example.com,06be8e857bd544f9b85a1650ce05da15
loadtest-07122023-user-3100143-@example.com,cf1454e784084920a03e648b09f9bec8
loadtest-07122023-user-3099978-@example.com,42fa13df620e40d780a39d5eb2d1c7d8
loadtest-07122023-user-3000110-@example.com,6f422d4d2412442fa62d03c3a518e146
loadtest-07122023-user-3000550-@example.com,376ffd4118804a6e80b8541ce50871d2
loadtest-07122023-user-3000562-@example.com,e47eb3bd21994a0ca3e39e3990ab21b5
loadtest-07122023-user-3000493-@example.com,aa98beab2d7b40878041f534f30314ee
loadtest-07122023-user-3000617-@example.com,781d090f32144f858d2840e66cacea1a
loadtest-07122023-user-3000625-@example.com,3f7cd0329dd147a5aa49df8543eb1ed2
loadtest-07122023-user-3000601-@example.com,710e96c281a445c0946a8ad8c67b5fd3
loadtest-07122023-user-3000636-@example.com,25a483cbb4f64ed7b8ce382cb4e0903b
loadtest-07122023-user-3000672-@example.com,84b7ea00aa2c49dcbd988b9a4cc0a5b7
loadtest-07122023-user-3000596-@example.com,3ef1a906188a41d7b1e152e8d0c2ea85
loadtest-07122023-user-3000644-@example.com,d4b4e0830eb447948d55495c0d41e40a
loadtest-07122023-user-3000586-@example.com,5c5bef5f7e98461fadda77adfa6fb170
loadtest-07122023-user-3000634-@example.com,b35097652d7346e58b5727ff60a1258d
loadtest-07122023-user-3000627-@example.com,d2582b8a2d2d476ba626432b28671c10
loadtest-07122023-user-3000673-@example.com,ec963da3c5ee44c19a417b0abb37d0e5
loadtest-07122023-user-3000582-@example.com,bdc6e25755ee4e99891502a2669e3628
loadtest-07122023-user-3000592-@example.com,c5a66957397140c7b3d17dc14ec5bc3a
loadtest-07122023-user-3000610-@example.com,44b1c5103fac4f35a16ee994d475ce11
loadtest-07122023-user-3000558-@example.com,0af0097347984afd9067ffd68fa2b87b
loadtest-07122023-user-3000606-@example.com,04c925d70b1e4d1ba575770a7eecc922
loadtest-07122023-user-3000573-@example.com,690689a9fac9423a8c9f5098f7f4b2b2
loadtest-07122023-user-3000616-@example.com,6397ac1fe60a44359869f22e9d168795
loadtest-07122023-user-3000605-@example.com,ea6f3322e2c94858add25b56ac7e4ba1
loadtest-07122023-user-3000653-@example.com,98ea7c0a7ec74cbc874893990278fd7d
loadtest-07122023-user-3000651-@example.com,8403ad7610424f429e95759952417199
loadtest-07122023-user-3000660-@example.com,5e4bc117d31845b4aa057c263f2f8ed2
loadtest-07122023-user-3000652-@example.com,f942a4c28e9e4ebfbba38aa9df09dddd
loadtest-07122023-user-3000663-@example.com,72f2ab20e1df4203a3aad487b4f7f458
loadtest-07122023-user-3000613-@example.com,59f798551284433c82e54c4267347fd8
loadtest-07122023-user-3000560-@example.com,06fa9a93865e431097c6c4de683735b1
loadtest-07122023-user-3000665-@example.com,2b3e800e71fc4114aee5a61b32f29cf1
loadtest-07122023-user-3000607-@example.com,209ce4a0f53b43e9b33aafa4d1949684
loadtest-07122023-user-3000661-@example.com,2c44a318f5a346498db35228af69e658
loadtest-07122023-user-3000705-@example.com,764d19c0d54849409b86d6080fb13bee
loadtest-07122023-user-3000664-@example.com,5346d3fbab804a03a78d8d955cbd1952
loadtest-07122023-user-3000659-@example.com,e04c67a009734470ae9850ddd1cc3744
loadtest-07122023-user-3000620-@example.com,3d4e8e0db90547309cd4fd9ed838611e
loadtest-07122023-user-3000591-@example.com,e65b1ac5228f432abbe026f8b785461a
loadtest-07122023-user-3000704-@example.com,4510867e4aff421da8606f647aa54dbb
loadtest-07122023-user-3000593-@example.com,b7ff926a3e614800b86855116441a7ed
loadtest-07122023-user-3000614-@example.com,83d5dd40641247aeb363a74b99bbabb7
loadtest-07122023-user-3000622-@example.com,60a4281b0d034baba5eb441191495f9c
loadtest-07122023-user-3000640-@example.com,d4d1122585ad4f9d9ad3a9763377ce57
loadtest-07122023-user-3000570-@example.com,7e9815a0c553470197bbdc6b9a258827
loadtest-07122023-user-3000694-@example.com,99c9e809a303422dba62049c167a1582
loadtest-07122023-user-3000656-@example.com,832f96b4e646435192ac172cf3c38925
loadtest-07122023-user-3000633-@example.com,b52ffcf79e72421ca91ba4a88d4b2733
loadtest-07122023-user-3000608-@example.com,3d29022405c84208bafd8cad130bf1aa
loadtest-07122023-user-3000681-@example.com,ea4dc6853795436dae8e7ca09f27c8fc
loadtest-07122023-user-3000670-@example.com,a61e39874c6f4da2a34ee17a9ad208af
loadtest-07122023-user-3000654-@example.com,e2d99969046d48ef95ced2c7fb5bb22b
loadtest-07122023-user-3000678-@example.com,72c38ea4154f48019340c387b2804cbb
loadtest-07122023-user-3000669-@example.com,1bfafde4eb334b7d8bb708c889c6dbb1
loadtest-07122023-user-3000709-@example.com,776dd4304e334c6d8ef10e5e2a9b15c7
loadtest-07122023-user-3000646-@example.com,a3c3002fad0c4b8ba41fdb5c4c3787c4
loadtest-07122023-user-3000683-@example.com,e0f4d7fa144e46088cd7cdbf34b8813f
loadtest-07122023-user-3000626-@example.com,0cd02da3dec54948950c42273f587644
loadtest-07122023-user-3000726-@example.com,aaf584126636423a889ef22a94679fcb
loadtest-07122023-user-3000577-@example.com,03bcb64a96154cf69217e72b108b05d1
loadtest-07122023-user-3000674-@example.com,55057f838a0a418b8e72a09c4ab819c9
loadtest-07122023-user-3000641-@example.com,db031a25368447fe99abbb5e43d19466
loadtest-07122023-user-3000628-@example.com,9543d920677f42d4b5d9117ed321dc3a
loadtest-07122023-user-3000737-@example.com,301b050ad9394bbcbe26d8238a47c02c
loadtest-07122023-user-3000696-@example.com,a2abc2e223fe47e2a036ee7aeb620e28
loadtest-07122023-user-3000691-@example.com,dd28e09ae680422eb375f6f5841d2409
loadtest-07122023-user-3000687-@example.com,baee46c83120469f982ae17b05c2ec69
loadtest-07122023-user-3000649-@example.com,3d7e95e0a4c743acae1d0c0ce9b4810c
loadtest-07122023-user-3000662-@example.com,d0502bbaed6e4a6d90d474db235b4ee9
loadtest-07122023-user-3000689-@example.com,3f8302a53a6b4363afeb28b845ed0224
loadtest-07122023-user-3000666-@example.com,4b4143ce381e405997ee8029cbd0fa43
loadtest-07122023-user-3000740-@example.com,0eced4bc7f7d4117ac80803de35b311e
loadtest-07122023-user-3000637-@example.com,3cd6c674a2fe4370aa62335003e74914
loadtest-07122023-user-3000720-@example.com,ea3fa4e16695414098de534b1c6ebbc1
loadtest-07122023-user-3000675-@example.com,4dd3e2548c6e4ba89dc160cd3a1d0743
loadtest-07122023-user-3000682-@example.com,de37f9f623224fae94c839df5af171c4
loadtest-07122023-user-3000600-@example.com,1d2a6ca06ccc472682eb83227557f5e3
loadtest-07122023-user-3000679-@example.com,b7694aea523143eba69a75f9dfc09e93
loadtest-07122023-user-3000749-@example.com,f5f47302998049b68b47bb743db02863
loadtest-07122023-user-3000734-@example.com,b816787d9e7c407d9e21e38b569575e6
loadtest-07122023-user-3000731-@example.com,bc8ef17bd5694203b027bb999ae87bb0
loadtest-07122023-user-3000732-@example.com,fc47f5c07aec4d3b93bf5307fc3fa527
loadtest-07122023-user-3000742-@example.com,18a5a52227bd434a812cacab3d5eaf2f
loadtest-07122023-user-3000713-@example.com,bb07b831798b43788f19b38ef6d026f0
loadtest-07122023-user-3000701-@example.com,933da98562644a48a6cf66458027deb3
loadtest-07122023-user-3000718-@example.com,e325a99b329844e1b8047437880b85bc
loadtest-07122023-user-3000745-@example.com,d8f66302b5e5482686e3a4c4f45a25a1
loadtest-07122023-user-3000703-@example.com,d0695d7c8aac4c5b82b933e4213bf8d9
loadtest-07122023-user-3000715-@example.com,f95ca2bea1f14d6493dd6a61237edf84
loadtest-07122023-user-3000738-@example.com,591b8d442ddb4299a5269a0d3c848c5f
loadtest-07122023-user-3000631-@example.com,5419f447fbb0431790ff58bf4f879535
loadtest-07122023-user-3000763-@example.com,6c5591996ea14dc680bba7ed38dec4f3
loadtest-07122023-user-3000755-@example.com,a3ddda81fb26480b9f674e1fb0b079bb
loadtest-07122023-user-3000759-@example.com,e14f47ca2043474180407c302fc7b88a
loadtest-07122023-user-3000702-@example.com,c7dfecb0093544b3a7d6743bec6b1e80
loadtest-07122023-user-3000667-@example.com,dd9e8af2dd624af3ae2848677db606f1
loadtest-07122023-user-3000770-@example.com,9a6f1af8ae594c0385c355f7a9303dbd
loadtest-07122023-user-3000680-@example.com,f5fcad3d15c34c758cfd5fd4be881d33
loadtest-07122023-user-3000684-@example.com,7ce6c62c2262435a9a5432f749e9f7cc
loadtest-07122023-user-3000700-@example.com,89d5271b637b46f5af3992f5de57671d